{
  "model": {
    "type": "minecraft:range_dispatch",
    "property": "minecraft:custom_model_data",
    "entries": [
      {
        "threshold": 3420001,
        "model": {
          "type": "minecraft:model",
          "model": "gm4_desire_lines:guidebook_icon/celaro_shamir"
        }
      },
      {
        "threshold": 3420002,
        "model": {
          "type": "minecraft:model",
          "model": "gm4_weighted_armour:guidebook_icon/helious_shamir"
        }
      },
      {
        "threshold": 3420100,
        "model": {
          "type": "minecraft:model",
          "model": "gm4_metallurgy:guidebook_icon/arborenda_shamir"
        }
      },
      {
        "threshold": 3420101,
        "model": {
          "type": "minecraft:model",
          "model": "gm4_metallurgy:guidebook_icon/defuse_shamir"
        }
      },
      {
        "threshold": 3420102,
        "model": {
          "type": "minecraft:model",
          "model": "gm4_metallurgy:guidebook_icon/ender_bolt_shamir"
        }
      },
      {
        "threshold": 3420103,
        "model": {
          "type": "minecraft:model",
          "model": "gm4_metallurgy:guidebook_icon/forterra_shamir"
        }
      },
      {
        "threshold": 3420104,
        "model": {
          "type": "minecraft:model",
          "model": "gm4_metallurgy:guidebook_icon/gemini_shamir"
        }
      },
      {
        "threshold": 3420105,
        "model": {
          "type": "minecraft:model",
          "model": "gm4_metallurgy:guidebook_icon/hypexperia_shamir"
        }
      },
      {
        "threshold": 3420106,
        "model": {
          "type": "minecraft:model",
          "model": "gm4_metallurgy:guidebook_icon/infinitas_shamir"
        }
      },
      {
        "threshold": 3420107,
        "model": {
          "type": "minecraft:model",
          "model": "gm4_metallurgy:guidebook_icon/metallurgy"
        }
      },
      {
        "threshold": 3420108,
        "model": {
          "type": "minecraft:model",
          "model": "gm4_metallurgy:guidebook_icon/moneo_shamir"
        }
      },
      {
        "threshold": 3420109,
        "model": {
          "type": "minecraft:model",
          "model": "gm4_metallurgy:guidebook_icon/musical_shamir"
        }
      },
      {
        "threshold": 3420110,
        "model": {
          "type": "minecraft:model",
          "model": "gm4_metallurgy:guidebook_icon/sensus_shamir"
        }
      },
      {
        "threshold": 3420111,
        "model": {
          "type": "minecraft:model",
          "model": "gm4_metallurgy:guidebook_icon/tinker_shamir"
        }
      },
      {
        "threshold": 3420112,
        "model": {
          "type": "minecraft:model",
          "model": "gm4_metallurgy:guidebook_icon/vibro_shamir"
        }
      },
      {
        "threshold": 3420113,
        "model": {
          "type": "minecraft:model",
          "model": "gm4_animi_shamir:guidebook_icon/animi_shamir"
        }
      },
      {
        "threshold": 3420114,
        "model": {
          "type": "minecraft:model",
          "model": "gm4_audere_shamir:guidebook_icon/audere_shamir"
        }
      },
      {
        "threshold": 3420115,
        "model": {
          "type": "minecraft:model",
          "model": "gm4_fulcio_shamir:guidebook_icon/fulcio_shamir"
        }
      },
      {
        "threshold": 3420116,
        "model": {
          "type": "minecraft:model",
          "model": "gm4_iacio_shamir:guidebook_icon/iacio_shamir"
        }
      },
      {
        "threshold": 3420117,
        "model": {
          "type": "minecraft:model",
          "model": "gm4_lumos_shamir:guidebook_icon/lumos_shamir"
        }
      },
      {
        "threshold": 3420118,
        "model": {
          "type": "minecraft:model",
          "model": "gm4_percurro_shamir:guidebook_icon/percurro_shamir"
        }
      },
      {
        "threshold": 3420119,
        "model": {
          "type": "minecraft:model",
          "model": "gm4_vecto_shamir:guidebook_icon/vecto_shamir"
        }
      },
      {
        "threshold": 3420120,
        "model": {
          "type": "minecraft:model",
          "model": "gm4_vigere_shamir:guidebook_icon/vigere_shamir"
        }
      },
      {
        "threshold": 3420200,
        "model": {
          "type": "minecraft:model",
          "model": "gm4_orb_of_ankou:guidebook_icon/corripio_shamir"
        }
      }
    ],
    "fallback": {
      "type": "minecraft:model",
      "model": "minecraft:block/anvil"
    }
  }
}
