{
  "model": {
    "type": "minecraft:range_dispatch",
    "property": "minecraft:custom_model_data",
    "entries": [
      {
        "threshold": 3420001,
        "model": {
          "type": "minecraft:model",
          "model": "gm4_beehive_inspector:guidebook_icon/beehive_inspector"
        }
      }
    ],
    "fallback": {
      "type": "minecraft:select",
      "block_state_property": "honey_level",
      "cases": [
        {
          "model": {
            "type": "minecraft:model",
            "model": "minecraft:block/beehive_honey"
          },
          "when": "5"
        }
      ],
      "fallback": {
        "type": "minecraft:model",
        "model": "minecraft:block/beehive_empty"
      },
      "property": "minecraft:block_state"
    }
  }
}
