{
  "model": {
    "type": "minecraft:range_dispatch",
    "property": "minecraft:custom_model_data",
    "entries": [
      {
        "threshold": 3420001,
        "model": {
          "type": "minecraft:model",
          "model": "gm4:gui/advancements/orb_of_ankou_soul_essence"
        }
      },
      {
        "threshold": 3420200,
        "model": {
          "type": "minecraft:model",
          "model": "gm4_orb_of_ankou:item/essences/aggressive"
        }
      },
      {
        "threshold": 3420201,
        "model": {
          "type": "minecraft:model",
          "model": "gm4_orb_of_ankou:item/essences/agile"
        }
      },
      {
        "threshold": 3420202,
        "model": {
          "type": "minecraft:model",
          "model": "gm4_orb_of_ankou:item/essences/anchoring"
        }
      },
      {
        "threshold": 3420203,
        "model": {
          "type": "minecraft:model",
          "model": "gm4_orb_of_ankou:item/essences/bargaining"
        }
      },
      {
        "threshold": 3420204,
        "model": {
          "type": "minecraft:model",
          "model": "gm4_orb_of_ankou:item/essences/bashing"
        }
      },
      {
        "threshold": 3420205,
        "model": {
          "type": "minecraft:model",
          "model": "gm4_orb_of_ankou:item/essences/blasting"
        }
      },
      {
        "threshold": 3420206,
        "model": {
          "type": "minecraft:model",
          "model": "gm4_orb_of_ankou:item/essences/blinding"
        }
      },
      {
        "threshold": 3420207,
        "model": {
          "type": "minecraft:model",
          "model": "gm4_orb_of_ankou:item/essences/bounding"
        }
      },
      {
        "threshold": 3420208,
        "model": {
          "type": "minecraft:model",
          "model": "gm4_orb_of_ankou:item/essences/bubbly"
        }
      },
      {
        "threshold": 3420209,
        "model": {
          "type": "minecraft:model",
          "model": "gm4_orb_of_ankou:item/essences/conjuring"
        }
      },
      {
        "threshold": 3420210,
        "model": {
          "type": "minecraft:model",
          "model": "gm4_orb_of_ankou:item/essences/depriving"
        }
      },
      {
        "threshold": 3420211,
        "model": {
          "type": "minecraft:model",
          "model": "gm4_orb_of_ankou:item/essences/draining"
        }
      },
      {
        "threshold": 3420212,
        "model": {
          "type": "minecraft:model",
          "model": "gm4_orb_of_ankou:item/essences/enduring"
        }
      },
      {
        "threshold": 3420213,
        "model": {
          "type": "minecraft:model",
          "model": "gm4_orb_of_ankou:item/essences/expeditious"
        }
      },
      {
        "threshold": 3420214,
        "model": {
          "type": "minecraft:model",
          "model": "gm4_orb_of_ankou:item/essences/feathery"
        }
      },
      {
        "threshold": 3420215,
        "model": {
          "type": "minecraft:model",
          "model": "gm4_orb_of_ankou:item/essences/gazing"
        }
      },
      {
        "threshold": 3420216,
        "model": {
          "type": "minecraft:model",
          "model": "gm4_orb_of_ankou:item/essences/gliding"
        }
      },
      {
        "threshold": 3420217,
        "model": {
          "type": "minecraft:model",
          "model": "gm4_orb_of_ankou:item/essences/hawkeye"
        }
      },
      {
        "threshold": 3420218,
        "model": {
          "type": "minecraft:model",
          "model": "gm4_orb_of_ankou:item/essences/incombustible"
        }
      },
      {
        "threshold": 3420219,
        "model": {
          "type": "minecraft:model",
          "model": "gm4_orb_of_ankou:item/essences/lifeless"
        }
      },
      {
        "threshold": 3420220,
        "model": {
          "type": "minecraft:model",
          "model": "gm4_orb_of_ankou:item/essences/neutralizing"
        }
      },
      {
        "threshold": 3420221,
        "model": {
          "type": "minecraft:model",
          "model": "gm4_orb_of_ankou:item/essences/phasing"
        }
      },
      {
        "threshold": 3420222,
        "model": {
          "type": "minecraft:model",
          "model": "gm4_orb_of_ankou:item/essences/pricking"
        }
      },
      {
        "threshold": 3420223,
        "model": {
          "type": "minecraft:model",
          "model": "gm4_orb_of_ankou:item/essences/retreating"
        }
      },
      {
        "threshold": 3420224,
        "model": {
          "type": "minecraft:model",
          "model": "gm4_orb_of_ankou:item/essences/rushing"
        }
      },
      {
        "threshold": 3420225,
        "model": {
          "type": "minecraft:model",
          "model": "gm4_orb_of_ankou:item/essences/scaling"
        }
      },
      {
        "threshold": 3420226,
        "model": {
          "type": "minecraft:model",
          "model": "gm4_orb_of_ankou:item/essences/soaring"
        }
      },
      {
        "threshold": 3420227,
        "model": {
          "type": "minecraft:model",
          "model": "gm4_orb_of_ankou:item/essences/synergetic"
        }
      },
      {
        "threshold": 3420228,
        "model": {
          "type": "minecraft:model",
          "model": "gm4_orb_of_ankou:item/essences/vanishing"
        }
      },
      {
        "threshold": 3420229,
        "model": {
          "type": "minecraft:model",
          "model": "gm4_orb_of_ankou:item/essences/venomous"
        }
      },
      {
        "threshold": 3420230,
        "model": {
          "type": "minecraft:model",
          "model": "gm4_orb_of_ankou:item/essences/volatile"
        }
      },
      {
        "threshold": 3420231,
        "model": {
          "type": "minecraft:model",
          "model": "gm4_orb_of_ankou:item/essences/withering"
        }
      },
      {
        "threshold": 3420232,
        "model": {
          "type": "minecraft:model",
          "model": "gm4_orb_of_ankou:item/essences/striding"
        }
      },
      {
        "threshold": 3420233,
        "model": {
          "type": "minecraft:model",
          "model": "gm4_orb_of_ankou:item/essences/freezing"
        }
      },
      {
        "threshold": 3420234,
        "model": {
          "type": "minecraft:model",
          "model": "gm4_orb_of_ankou:item/essences/feigning"
        }
      },
      {
        "threshold": 3420235,
        "model": {
          "type": "minecraft:model",
          "model": "gm4_orb_of_ankou:item/essences/shrieking"
        }
      },
      {
        "threshold": 3420236,
        "model": {
          "type": "minecraft:model",
          "model": "gm4_orb_of_ankou:item/essences/dashing"
        }
      },
      {
        "threshold": 3420237,
        "model": {
          "type": "minecraft:model",
          "model": "gm4_orb_of_ankou:item/essences/sniffing"
        }
      },
      {
        "threshold": 3420238,
        "model": {
          "type": "minecraft:model",
          "model": "gm4_orb_of_ankou:item/essences/tranquilizing"
        }
      }
    ],
    "fallback": {
      "type": "minecraft:model",
      "model": "minecraft:item/black_dye"
    }
  }
}
