{
  "model": {
    "type": "minecraft:range_dispatch",
    "property": "minecraft:custom_model_data",
    "entries": [
      {
        "threshold": 3420001,
        "model": {
          "type": "minecraft:model",
          "model": "gm4:gui/advancements/better_fire"
        }
      },
      {
        "threshold": 3420004,
        "model": {
          "type": "minecraft:model",
          "model": "gm4_tower_structures:item/pirate_bow"
        }
      },
      {
        "threshold": 3420124,
        "model": {
          "type": "minecraft:model",
          "model": [
            {
              "model": "gm4_animi_shamir:shamir/animi/bow"
            },
            {
              "predicate": {
                "pulling": 1
              },
              "model": "gm4_animi_shamir:shamir/animi/bow_pulling_0"
            },
            {
              "predicate": {
                "pulling": 1,
                "pull": 0.65
              },
              "model": "gm4_animi_shamir:shamir/animi/bow_pulling_1"
            },
            {
              "predicate": {
                "pulling": 1,
                "pull": 0.9
              },
              "model": "gm4_animi_shamir:shamir/animi/bow_pulling_2"
            }
          ]
        }
      }
    ],
    "fallback": {
      "type": "minecraft:condition",
      "on_false": {
        "type": "minecraft:model",
        "model": "minecraft:item/bow"
      },
      "on_true": {
        "type": "minecraft:range_dispatch",
        "entries": [
          {
            "model": {
              "type": "minecraft:model",
              "model": "minecraft:item/bow_pulling_1"
            },
            "threshold": 0.65
          },
          {
            "model": {
              "type": "minecraft:model",
              "model": "minecraft:item/bow_pulling_2"
            },
            "threshold": 0.9
          }
        ],
        "fallback": {
          "type": "minecraft:model",
          "model": "minecraft:item/bow_pulling_0"
        },
        "property": "minecraft:use_duration",
        "scale": 0.05
      },
      "property": "minecraft:using_item"
    }
  }
}
