{
  "model": {
    "type": "minecraft:range_dispatch",
    "property": "minecraft:custom_model_data",
    "entries": [
      {
        "threshold": 3420001,
        "model": {
          "type": "minecraft:model",
          "model": "gm4:gui/advancements/zauber_cauldrons_create"
        }
      },
      {
        "threshold": 3420300,
        "model": {
          "type": "minecraft:model",
          "model": "gm4_zauber_cauldrons:guidebook_icon/zauber_cauldrons"
        }
      }
    ],
    "fallback": {
      "type": "minecraft:model",
      "model": "minecraft:item/cauldron"
    }
  }
}
