{
  "model": {
    "type": "minecraft:range_dispatch",
    "property": "minecraft:custom_model_data",
    "entries": [
      {
        "threshold": 3420001,
        "model": {
          "type": "minecraft:model",
          "model": "gm4_mountaineering:item/crampons"
        }
      },
      {
        "threshold": 3420002,
        "model": {
          "type": "minecraft:model",
          "model": "gm4_mountaineering:guidebook_icon/mountaineering"
        }
      },
      {
        "threshold": 3420103,
        "model": {
          "type": "minecraft:model",
          "model": [
            {
              "model": "gm4_weighted_armour:shamir/helious/chainmail_boots"
            },
            {
              "predicate": {
                "trim_type": 0.1
              },
              "model": "gm4_weighted_armour:shamir/helious/chainmail_boots_quartz_trim"
            },
            {
              "predicate": {
                "trim_type": 0.2
              },
              "model": "gm4_weighted_armour:shamir/helious/chainmail_boots_iron_trim"
            },
            {
              "predicate": {
                "trim_type": 0.3
              },
              "model": "gm4_weighted_armour:shamir/helious/chainmail_boots_netherite_trim"
            },
            {
              "predicate": {
                "trim_type": 0.4
              },
              "model": "gm4_weighted_armour:shamir/helious/chainmail_boots_redstone_trim"
            },
            {
              "predicate": {
                "trim_type": 0.5
              },
              "model": "gm4_weighted_armour:shamir/helious/chainmail_boots_copper_trim"
            },
            {
              "predicate": {
                "trim_type": 0.6
              },
              "model": "gm4_weighted_armour:shamir/helious/chainmail_boots_gold_trim"
            },
            {
              "predicate": {
                "trim_type": 0.7
              },
              "model": "gm4_weighted_armour:shamir/helious/chainmail_boots_emerald_trim"
            },
            {
              "predicate": {
                "trim_type": 0.8
              },
              "model": "gm4_weighted_armour:shamir/helious/chainmail_boots_diamond_trim"
            },
            {
              "predicate": {
                "trim_type": 0.9
              },
              "model": "gm4_weighted_armour:shamir/helious/chainmail_boots_lapis_trim"
            },
            {
              "predicate": {
                "trim_type": 1.0
              },
              "model": "gm4_weighted_armour:shamir/helious/chainmail_boots_amethyst_trim"
            }
          ]
        }
      },
      {
        "threshold": 3420106,
        "model": {
          "type": "minecraft:model",
          "model": [
            {
              "model": "gm4_metallurgy:shamir/defuse/chainmail_boots"
            },
            {
              "predicate": {
                "trim_type": 0.1
              },
              "model": "gm4_metallurgy:shamir/defuse/chainmail_boots_quartz_trim"
            },
            {
              "predicate": {
                "trim_type": 0.2
              },
              "model": "gm4_metallurgy:shamir/defuse/chainmail_boots_iron_trim"
            },
            {
              "predicate": {
                "trim_type": 0.3
              },
              "model": "gm4_metallurgy:shamir/defuse/chainmail_boots_netherite_trim"
            },
            {
              "predicate": {
                "trim_type": 0.4
              },
              "model": "gm4_metallurgy:shamir/defuse/chainmail_boots_redstone_trim"
            },
            {
              "predicate": {
                "trim_type": 0.5
              },
              "model": "gm4_metallurgy:shamir/defuse/chainmail_boots_copper_trim"
            },
            {
              "predicate": {
                "trim_type": 0.6
              },
              "model": "gm4_metallurgy:shamir/defuse/chainmail_boots_gold_trim"
            },
            {
              "predicate": {
                "trim_type": 0.7
              },
              "model": "gm4_metallurgy:shamir/defuse/chainmail_boots_emerald_trim"
            },
            {
              "predicate": {
                "trim_type": 0.8
              },
              "model": "gm4_metallurgy:shamir/defuse/chainmail_boots_diamond_trim"
            },
            {
              "predicate": {
                "trim_type": 0.9
              },
              "model": "gm4_metallurgy:shamir/defuse/chainmail_boots_lapis_trim"
            },
            {
              "predicate": {
                "trim_type": 1.0
              },
              "model": "gm4_metallurgy:shamir/defuse/chainmail_boots_amethyst_trim"
            }
          ]
        }
      },
      {
        "threshold": 3420118,
        "model": {
          "type": "minecraft:model",
          "model": [
            {
              "model": "gm4_desire_lines:shamir/celaro/chainmail_boots"
            },
            {
              "predicate": {
                "trim_type": 0.1
              },
              "model": "gm4_desire_lines:shamir/celaro/chainmail_boots_quartz_trim"
            },
            {
              "predicate": {
                "trim_type": 0.2
              },
              "model": "gm4_desire_lines:shamir/celaro/chainmail_boots_iron_trim"
            },
            {
              "predicate": {
                "trim_type": 0.3
              },
              "model": "gm4_desire_lines:shamir/celaro/chainmail_boots_netherite_trim"
            },
            {
              "predicate": {
                "trim_type": 0.4
              },
              "model": "gm4_desire_lines:shamir/celaro/chainmail_boots_redstone_trim"
            },
            {
              "predicate": {
                "trim_type": 0.5
              },
              "model": "gm4_desire_lines:shamir/celaro/chainmail_boots_copper_trim"
            },
            {
              "predicate": {
                "trim_type": 0.6
              },
              "model": "gm4_desire_lines:shamir/celaro/chainmail_boots_gold_trim"
            },
            {
              "predicate": {
                "trim_type": 0.7
              },
              "model": "gm4_desire_lines:shamir/celaro/chainmail_boots_emerald_trim"
            },
            {
              "predicate": {
                "trim_type": 0.8
              },
              "model": "gm4_desire_lines:shamir/celaro/chainmail_boots_diamond_trim"
            },
            {
              "predicate": {
                "trim_type": 0.9
              },
              "model": "gm4_desire_lines:shamir/celaro/chainmail_boots_lapis_trim"
            },
            {
              "predicate": {
                "trim_type": 1.0
              },
              "model": "gm4_desire_lines:shamir/celaro/chainmail_boots_amethyst_trim"
            }
          ]
        }
      },
      {
        "threshold": 3420121,
        "model": {
          "type": "minecraft:model",
          "model": [
            {
              "model": "gm4_vecto_shamir:shamir/vecto/chainmail_boots"
            },
            {
              "predicate": {
                "trim_type": 0.1
              },
              "model": "gm4_vecto_shamir:shamir/vecto/chainmail_boots_quartz_trim"
            },
            {
              "predicate": {
                "trim_type": 0.2
              },
              "model": "gm4_vecto_shamir:shamir/vecto/chainmail_boots_iron_trim"
            },
            {
              "predicate": {
                "trim_type": 0.3
              },
              "model": "gm4_vecto_shamir:shamir/vecto/chainmail_boots_netherite_trim"
            },
            {
              "predicate": {
                "trim_type": 0.4
              },
              "model": "gm4_vecto_shamir:shamir/vecto/chainmail_boots_redstone_trim"
            },
            {
              "predicate": {
                "trim_type": 0.5
              },
              "model": "gm4_vecto_shamir:shamir/vecto/chainmail_boots_copper_trim"
            },
            {
              "predicate": {
                "trim_type": 0.6
              },
              "model": "gm4_vecto_shamir:shamir/vecto/chainmail_boots_gold_trim"
            },
            {
              "predicate": {
                "trim_type": 0.7
              },
              "model": "gm4_vecto_shamir:shamir/vecto/chainmail_boots_emerald_trim"
            },
            {
              "predicate": {
                "trim_type": 0.8
              },
              "model": "gm4_vecto_shamir:shamir/vecto/chainmail_boots_diamond_trim"
            },
            {
              "predicate": {
                "trim_type": 0.9
              },
              "model": "gm4_vecto_shamir:shamir/vecto/chainmail_boots_lapis_trim"
            },
            {
              "predicate": {
                "trim_type": 1.0
              },
              "model": "gm4_vecto_shamir:shamir/vecto/chainmail_boots_amethyst_trim"
            }
          ]
        }
      },
      {
        "threshold": 3420123,
        "model": {
          "type": "minecraft:model",
          "model": [
            {
              "model": "gm4_metallurgy:shamir/vibro/chainmail_boots"
            },
            {
              "predicate": {
                "trim_type": 0.1
              },
              "model": "gm4_metallurgy:shamir/vibro/chainmail_boots_quartz_trim"
            },
            {
              "predicate": {
                "trim_type": 0.2
              },
              "model": "gm4_metallurgy:shamir/vibro/chainmail_boots_iron_trim"
            },
            {
              "predicate": {
                "trim_type": 0.3
              },
              "model": "gm4_metallurgy:shamir/vibro/chainmail_boots_netherite_trim"
            },
            {
              "predicate": {
                "trim_type": 0.4
              },
              "model": "gm4_metallurgy:shamir/vibro/chainmail_boots_redstone_trim"
            },
            {
              "predicate": {
                "trim_type": 0.5
              },
              "model": "gm4_metallurgy:shamir/vibro/chainmail_boots_copper_trim"
            },
            {
              "predicate": {
                "trim_type": 0.6
              },
              "model": "gm4_metallurgy:shamir/vibro/chainmail_boots_gold_trim"
            },
            {
              "predicate": {
                "trim_type": 0.7
              },
              "model": "gm4_metallurgy:shamir/vibro/chainmail_boots_emerald_trim"
            },
            {
              "predicate": {
                "trim_type": 0.8
              },
              "model": "gm4_metallurgy:shamir/vibro/chainmail_boots_diamond_trim"
            },
            {
              "predicate": {
                "trim_type": 0.9
              },
              "model": "gm4_metallurgy:shamir/vibro/chainmail_boots_lapis_trim"
            },
            {
              "predicate": {
                "trim_type": 1.0
              },
              "model": "gm4_metallurgy:shamir/vibro/chainmail_boots_amethyst_trim"
            }
          ]
        }
      },
      {
        "threshold": 3420124,
        "model": {
          "type": "minecraft:model",
          "model": [
            {
              "model": "gm4_animi_shamir:shamir/animi/chainmail_boots"
            },
            {
              "predicate": {
                "trim_type": 0.1
              },
              "model": "gm4_animi_shamir:shamir/animi/chainmail_boots_quartz_trim"
            },
            {
              "predicate": {
                "trim_type": 0.2
              },
              "model": "gm4_animi_shamir:shamir/animi/chainmail_boots_iron_trim"
            },
            {
              "predicate": {
                "trim_type": 0.3
              },
              "model": "gm4_animi_shamir:shamir/animi/chainmail_boots_netherite_trim"
            },
            {
              "predicate": {
                "trim_type": 0.4
              },
              "model": "gm4_animi_shamir:shamir/animi/chainmail_boots_redstone_trim"
            },
            {
              "predicate": {
                "trim_type": 0.5
              },
              "model": "gm4_animi_shamir:shamir/animi/chainmail_boots_copper_trim"
            },
            {
              "predicate": {
                "trim_type": 0.6
              },
              "model": "gm4_animi_shamir:shamir/animi/chainmail_boots_gold_trim"
            },
            {
              "predicate": {
                "trim_type": 0.7
              },
              "model": "gm4_animi_shamir:shamir/animi/chainmail_boots_emerald_trim"
            },
            {
              "predicate": {
                "trim_type": 0.8
              },
              "model": "gm4_animi_shamir:shamir/animi/chainmail_boots_diamond_trim"
            },
            {
              "predicate": {
                "trim_type": 0.9
              },
              "model": "gm4_animi_shamir:shamir/animi/chainmail_boots_lapis_trim"
            },
            {
              "predicate": {
                "trim_type": 1.0
              },
              "model": "gm4_animi_shamir:shamir/animi/chainmail_boots_amethyst_trim"
            }
          ]
        }
      }
    ],
    "fallback": {
      "type": "minecraft:select",
      "cases": [
        {
          "model": {
            "type": "minecraft:model",
            "model": "minecraft:item/chainmail_boots_quartz_trim"
          },
          "when": "minecraft:quartz"
        },
        {
          "model": {
            "type": "minecraft:model",
            "model": "minecraft:item/chainmail_boots_iron_trim"
          },
          "when": "minecraft:iron"
        },
        {
          "model": {
            "type": "minecraft:model",
            "model": "minecraft:item/chainmail_boots_netherite_trim"
          },
          "when": "minecraft:netherite"
        },
        {
          "model": {
            "type": "minecraft:model",
            "model": "minecraft:item/chainmail_boots_redstone_trim"
          },
          "when": "minecraft:redstone"
        },
        {
          "model": {
            "type": "minecraft:model",
            "model": "minecraft:item/chainmail_boots_copper_trim"
          },
          "when": "minecraft:copper"
        },
        {
          "model": {
            "type": "minecraft:model",
            "model": "minecraft:item/chainmail_boots_gold_trim"
          },
          "when": "minecraft:gold"
        },
        {
          "model": {
            "type": "minecraft:model",
            "model": "minecraft:item/chainmail_boots_emerald_trim"
          },
          "when": "minecraft:emerald"
        },
        {
          "model": {
            "type": "minecraft:model",
            "model": "minecraft:item/chainmail_boots_diamond_trim"
          },
          "when": "minecraft:diamond"
        },
        {
          "model": {
            "type": "minecraft:model",
            "model": "minecraft:item/chainmail_boots_lapis_trim"
          },
          "when": "minecraft:lapis"
        },
        {
          "model": {
            "type": "minecraft:model",
            "model": "minecraft:item/chainmail_boots_amethyst_trim"
          },
          "when": "minecraft:amethyst"
        },
        {
          "model": {
            "type": "minecraft:model",
            "model": "minecraft:item/chainmail_boots_resin_trim"
          },
          "when": "minecraft:resin"
        }
      ],
      "fallback": {
        "type": "minecraft:model",
        "model": "minecraft:item/chainmail_boots"
      },
      "property": "minecraft:trim_material"
    }
  }
}
