{
  "model": {
    "type": "minecraft:range_dispatch",
    "property": "minecraft:custom_model_data",
    "entries": [
      {
        "threshold": 3420001,
        "model": {
          "type": "minecraft:model",
          "model": "gm4_sunken_treasure:item/treasure_chest"
        }
      },
      {
        "threshold": 3420003,
        "model": {
          "type": "minecraft:model",
          "model": "gm4_sunken_treasure:item/shipwreck_treasure"
        }
      },
      {
        "threshold": 3420004,
        "model": {
          "type": "minecraft:model",
          "model": "gm4_sunken_treasure:item/shipwreck_supply"
        }
      }
    ],
    "fallback": {
      "type": "minecraft:select",
      "cases": [
        {
          "model": {
            "type": "minecraft:special",
            "base": "minecraft:item/chest",
            "model": {
              "type": "minecraft:chest",
              "texture": "minecraft:christmas"
            }
          },
          "when": [
            "12-24",
            "12-25",
            "12-26"
          ]
        }
      ],
      "fallback": {
        "type": "minecraft:special",
        "base": "minecraft:item/chest",
        "model": {
          "type": "minecraft:chest",
          "texture": "minecraft:normal"
        }
      },
      "pattern": "MM-dd",
      "property": "minecraft:local_time"
    }
  }
}
