{
  "model": {
    "type": "minecraft:range_dispatch",
    "property": "minecraft:custom_model_data",
    "entries": [
      {
        "threshold": 3420101,
        "model": {
          "type": "minecraft:model",
          "model": [
            {
              "model": "gm4_metallurgy:shamir/sensus/compass"
            },
            {
              "predicate": {
                "angle": 0.0
              },
              "model": "gm4_metallurgy:shamir/sensus/compass"
            },
            {
              "predicate": {
                "angle": 0.015625
              },
              "model": "gm4_metallurgy:shamir/sensus/compass_17"
            },
            {
              "predicate": {
                "angle": 0.046875
              },
              "model": "gm4_metallurgy:shamir/sensus/compass_18"
            },
            {
              "predicate": {
                "angle": 0.078125
              },
              "model": "gm4_metallurgy:shamir/sensus/compass_19"
            },
            {
              "predicate": {
                "angle": 0.109375
              },
              "model": "gm4_metallurgy:shamir/sensus/compass_20"
            },
            {
              "predicate": {
                "angle": 0.140625
              },
              "model": "gm4_metallurgy:shamir/sensus/compass_21"
            },
            {
              "predicate": {
                "angle": 0.171875
              },
              "model": "gm4_metallurgy:shamir/sensus/compass_22"
            },
            {
              "predicate": {
                "angle": 0.203125
              },
              "model": "gm4_metallurgy:shamir/sensus/compass_23"
            },
            {
              "predicate": {
                "angle": 0.234375
              },
              "model": "gm4_metallurgy:shamir/sensus/compass_24"
            },
            {
              "predicate": {
                "angle": 0.265625
              },
              "model": "gm4_metallurgy:shamir/sensus/compass_25"
            },
            {
              "predicate": {
                "angle": 0.296875
              },
              "model": "gm4_metallurgy:shamir/sensus/compass_26"
            },
            {
              "predicate": {
                "angle": 0.328125
              },
              "model": "gm4_metallurgy:shamir/sensus/compass_27"
            },
            {
              "predicate": {
                "angle": 0.359375
              },
              "model": "gm4_metallurgy:shamir/sensus/compass_28"
            },
            {
              "predicate": {
                "angle": 0.390625
              },
              "model": "gm4_metallurgy:shamir/sensus/compass_29"
            },
            {
              "predicate": {
                "angle": 0.421875
              },
              "model": "gm4_metallurgy:shamir/sensus/compass_30"
            },
            {
              "predicate": {
                "angle": 0.453125
              },
              "model": "gm4_metallurgy:shamir/sensus/compass_31"
            },
            {
              "predicate": {
                "angle": 0.484375
              },
              "model": "gm4_metallurgy:shamir/sensus/compass_00"
            },
            {
              "predicate": {
                "angle": 0.515625
              },
              "model": "gm4_metallurgy:shamir/sensus/compass_01"
            },
            {
              "predicate": {
                "angle": 0.546875
              },
              "model": "gm4_metallurgy:shamir/sensus/compass_02"
            },
            {
              "predicate": {
                "angle": 0.578125
              },
              "model": "gm4_metallurgy:shamir/sensus/compass_03"
            },
            {
              "predicate": {
                "angle": 0.609375
              },
              "model": "gm4_metallurgy:shamir/sensus/compass_04"
            },
            {
              "predicate": {
                "angle": 0.640625
              },
              "model": "gm4_metallurgy:shamir/sensus/compass_05"
            },
            {
              "predicate": {
                "angle": 0.671875
              },
              "model": "gm4_metallurgy:shamir/sensus/compass_06"
            },
            {
              "predicate": {
                "angle": 0.703125
              },
              "model": "gm4_metallurgy:shamir/sensus/compass_07"
            },
            {
              "predicate": {
                "angle": 0.734375
              },
              "model": "gm4_metallurgy:shamir/sensus/compass_08"
            },
            {
              "predicate": {
                "angle": 0.765625
              },
              "model": "gm4_metallurgy:shamir/sensus/compass_09"
            },
            {
              "predicate": {
                "angle": 0.796875
              },
              "model": "gm4_metallurgy:shamir/sensus/compass_10"
            },
            {
              "predicate": {
                "angle": 0.828125
              },
              "model": "gm4_metallurgy:shamir/sensus/compass_11"
            },
            {
              "predicate": {
                "angle": 0.859375
              },
              "model": "gm4_metallurgy:shamir/sensus/compass_12"
            },
            {
              "predicate": {
                "angle": 0.890625
              },
              "model": "gm4_metallurgy:shamir/sensus/compass_13"
            },
            {
              "predicate": {
                "angle": 0.921875
              },
              "model": "gm4_metallurgy:shamir/sensus/compass_14"
            },
            {
              "predicate": {
                "angle": 0.953125
              },
              "model": "gm4_metallurgy:shamir/sensus/compass_15"
            },
            {
              "predicate": {
                "angle": 0.984375
              },
              "model": "gm4_metallurgy:shamir/sensus/compass"
            }
          ]
        }
      },
      {
        "threshold": 3420115,
        "model": {
          "type": "minecraft:model",
          "model": [
            {
              "model": "gm4_fulcio_shamir:shamir/fulcio/compass"
            },
            {
              "predicate": {
                "angle": 0.0
              },
              "model": "gm4_fulcio_shamir:shamir/fulcio/compass"
            },
            {
              "predicate": {
                "angle": 0.015625
              },
              "model": "gm4_fulcio_shamir:shamir/fulcio/compass_17"
            },
            {
              "predicate": {
                "angle": 0.046875
              },
              "model": "gm4_fulcio_shamir:shamir/fulcio/compass_18"
            },
            {
              "predicate": {
                "angle": 0.078125
              },
              "model": "gm4_fulcio_shamir:shamir/fulcio/compass_19"
            },
            {
              "predicate": {
                "angle": 0.109375
              },
              "model": "gm4_fulcio_shamir:shamir/fulcio/compass_20"
            },
            {
              "predicate": {
                "angle": 0.140625
              },
              "model": "gm4_fulcio_shamir:shamir/fulcio/compass_21"
            },
            {
              "predicate": {
                "angle": 0.171875
              },
              "model": "gm4_fulcio_shamir:shamir/fulcio/compass_22"
            },
            {
              "predicate": {
                "angle": 0.203125
              },
              "model": "gm4_fulcio_shamir:shamir/fulcio/compass_23"
            },
            {
              "predicate": {
                "angle": 0.234375
              },
              "model": "gm4_fulcio_shamir:shamir/fulcio/compass_24"
            },
            {
              "predicate": {
                "angle": 0.265625
              },
              "model": "gm4_fulcio_shamir:shamir/fulcio/compass_25"
            },
            {
              "predicate": {
                "angle": 0.296875
              },
              "model": "gm4_fulcio_shamir:shamir/fulcio/compass_26"
            },
            {
              "predicate": {
                "angle": 0.328125
              },
              "model": "gm4_fulcio_shamir:shamir/fulcio/compass_27"
            },
            {
              "predicate": {
                "angle": 0.359375
              },
              "model": "gm4_fulcio_shamir:shamir/fulcio/compass_28"
            },
            {
              "predicate": {
                "angle": 0.390625
              },
              "model": "gm4_fulcio_shamir:shamir/fulcio/compass_29"
            },
            {
              "predicate": {
                "angle": 0.421875
              },
              "model": "gm4_fulcio_shamir:shamir/fulcio/compass_30"
            },
            {
              "predicate": {
                "angle": 0.453125
              },
              "model": "gm4_fulcio_shamir:shamir/fulcio/compass_31"
            },
            {
              "predicate": {
                "angle": 0.484375
              },
              "model": "gm4_fulcio_shamir:shamir/fulcio/compass_00"
            },
            {
              "predicate": {
                "angle": 0.515625
              },
              "model": "gm4_fulcio_shamir:shamir/fulcio/compass_01"
            },
            {
              "predicate": {
                "angle": 0.546875
              },
              "model": "gm4_fulcio_shamir:shamir/fulcio/compass_02"
            },
            {
              "predicate": {
                "angle": 0.578125
              },
              "model": "gm4_fulcio_shamir:shamir/fulcio/compass_03"
            },
            {
              "predicate": {
                "angle": 0.609375
              },
              "model": "gm4_fulcio_shamir:shamir/fulcio/compass_04"
            },
            {
              "predicate": {
                "angle": 0.640625
              },
              "model": "gm4_fulcio_shamir:shamir/fulcio/compass_05"
            },
            {
              "predicate": {
                "angle": 0.671875
              },
              "model": "gm4_fulcio_shamir:shamir/fulcio/compass_06"
            },
            {
              "predicate": {
                "angle": 0.703125
              },
              "model": "gm4_fulcio_shamir:shamir/fulcio/compass_07"
            },
            {
              "predicate": {
                "angle": 0.734375
              },
              "model": "gm4_fulcio_shamir:shamir/fulcio/compass_08"
            },
            {
              "predicate": {
                "angle": 0.765625
              },
              "model": "gm4_fulcio_shamir:shamir/fulcio/compass_09"
            },
            {
              "predicate": {
                "angle": 0.796875
              },
              "model": "gm4_fulcio_shamir:shamir/fulcio/compass_10"
            },
            {
              "predicate": {
                "angle": 0.828125
              },
              "model": "gm4_fulcio_shamir:shamir/fulcio/compass_11"
            },
            {
              "predicate": {
                "angle": 0.859375
              },
              "model": "gm4_fulcio_shamir:shamir/fulcio/compass_12"
            },
            {
              "predicate": {
                "angle": 0.890625
              },
              "model": "gm4_fulcio_shamir:shamir/fulcio/compass_13"
            },
            {
              "predicate": {
                "angle": 0.921875
              },
              "model": "gm4_fulcio_shamir:shamir/fulcio/compass_14"
            },
            {
              "predicate": {
                "angle": 0.953125
              },
              "model": "gm4_fulcio_shamir:shamir/fulcio/compass_15"
            },
            {
              "predicate": {
                "angle": 0.984375
              },
              "model": "gm4_fulcio_shamir:shamir/fulcio/compass"
            }
          ]
        }
      },
      {
        "threshold": 3420124,
        "model": {
          "type": "minecraft:model",
          "model": [
            {
              "model": "gm4_animi_shamir:shamir/animi/compass"
            },
            {
              "predicate": {
                "angle": 0.0
              },
              "model": "gm4_animi_shamir:shamir/animi/compass"
            },
            {
              "predicate": {
                "angle": 0.015625
              },
              "model": "gm4_animi_shamir:shamir/animi/compass_17"
            },
            {
              "predicate": {
                "angle": 0.046875
              },
              "model": "gm4_animi_shamir:shamir/animi/compass_18"
            },
            {
              "predicate": {
                "angle": 0.078125
              },
              "model": "gm4_animi_shamir:shamir/animi/compass_19"
            },
            {
              "predicate": {
                "angle": 0.109375
              },
              "model": "gm4_animi_shamir:shamir/animi/compass_20"
            },
            {
              "predicate": {
                "angle": 0.140625
              },
              "model": "gm4_animi_shamir:shamir/animi/compass_21"
            },
            {
              "predicate": {
                "angle": 0.171875
              },
              "model": "gm4_animi_shamir:shamir/animi/compass_22"
            },
            {
              "predicate": {
                "angle": 0.203125
              },
              "model": "gm4_animi_shamir:shamir/animi/compass_23"
            },
            {
              "predicate": {
                "angle": 0.234375
              },
              "model": "gm4_animi_shamir:shamir/animi/compass_24"
            },
            {
              "predicate": {
                "angle": 0.265625
              },
              "model": "gm4_animi_shamir:shamir/animi/compass_25"
            },
            {
              "predicate": {
                "angle": 0.296875
              },
              "model": "gm4_animi_shamir:shamir/animi/compass_26"
            },
            {
              "predicate": {
                "angle": 0.328125
              },
              "model": "gm4_animi_shamir:shamir/animi/compass_27"
            },
            {
              "predicate": {
                "angle": 0.359375
              },
              "model": "gm4_animi_shamir:shamir/animi/compass_28"
            },
            {
              "predicate": {
                "angle": 0.390625
              },
              "model": "gm4_animi_shamir:shamir/animi/compass_29"
            },
            {
              "predicate": {
                "angle": 0.421875
              },
              "model": "gm4_animi_shamir:shamir/animi/compass_30"
            },
            {
              "predicate": {
                "angle": 0.453125
              },
              "model": "gm4_animi_shamir:shamir/animi/compass_31"
            },
            {
              "predicate": {
                "angle": 0.484375
              },
              "model": "gm4_animi_shamir:shamir/animi/compass_00"
            },
            {
              "predicate": {
                "angle": 0.515625
              },
              "model": "gm4_animi_shamir:shamir/animi/compass_01"
            },
            {
              "predicate": {
                "angle": 0.546875
              },
              "model": "gm4_animi_shamir:shamir/animi/compass_02"
            },
            {
              "predicate": {
                "angle": 0.578125
              },
              "model": "gm4_animi_shamir:shamir/animi/compass_03"
            },
            {
              "predicate": {
                "angle": 0.609375
              },
              "model": "gm4_animi_shamir:shamir/animi/compass_04"
            },
            {
              "predicate": {
                "angle": 0.640625
              },
              "model": "gm4_animi_shamir:shamir/animi/compass_05"
            },
            {
              "predicate": {
                "angle": 0.671875
              },
              "model": "gm4_animi_shamir:shamir/animi/compass_06"
            },
            {
              "predicate": {
                "angle": 0.703125
              },
              "model": "gm4_animi_shamir:shamir/animi/compass_07"
            },
            {
              "predicate": {
                "angle": 0.734375
              },
              "model": "gm4_animi_shamir:shamir/animi/compass_08"
            },
            {
              "predicate": {
                "angle": 0.765625
              },
              "model": "gm4_animi_shamir:shamir/animi/compass_09"
            },
            {
              "predicate": {
                "angle": 0.796875
              },
              "model": "gm4_animi_shamir:shamir/animi/compass_10"
            },
            {
              "predicate": {
                "angle": 0.828125
              },
              "model": "gm4_animi_shamir:shamir/animi/compass_11"
            },
            {
              "predicate": {
                "angle": 0.859375
              },
              "model": "gm4_animi_shamir:shamir/animi/compass_12"
            },
            {
              "predicate": {
                "angle": 0.890625
              },
              "model": "gm4_animi_shamir:shamir/animi/compass_13"
            },
            {
              "predicate": {
                "angle": 0.921875
              },
              "model": "gm4_animi_shamir:shamir/animi/compass_14"
            },
            {
              "predicate": {
                "angle": 0.953125
              },
              "model": "gm4_animi_shamir:shamir/animi/compass_15"
            },
            {
              "predicate": {
                "angle": 0.984375
              },
              "model": "gm4_animi_shamir:shamir/animi/compass"
            }
          ]
        }
      }
    ],
    "fallback": {
      "type": "minecraft:condition",
      "component": "minecraft:lodestone_tracker",
      "on_false": {
        "type": "minecraft:select",
        "cases": [
          {
            "model": {
              "type": "minecraft:range_dispatch",
              "entries": [
                {
                  "model": {
                    "type": "minecraft:model",
                    "model": "minecraft:item/compass_16"
                  },
                  "threshold": 0.0
                },
                {
                  "model": {
                    "type": "minecraft:model",
                    "model": "minecraft:item/compass_17"
                  },
                  "threshold": 0.5
                },
                {
                  "model": {
                    "type": "minecraft:model",
                    "model": "minecraft:item/compass_18"
                  },
                  "threshold": 1.5
                },
                {
                  "model": {
                    "type": "minecraft:model",
                    "model": "minecraft:item/compass_19"
                  },
                  "threshold": 2.5
                },
                {
                  "model": {
                    "type": "minecraft:model",
                    "model": "minecraft:item/compass_20"
                  },
                  "threshold": 3.5
                },
                {
                  "model": {
                    "type": "minecraft:model",
                    "model": "minecraft:item/compass_21"
                  },
                  "threshold": 4.5
                },
                {
                  "model": {
                    "type": "minecraft:model",
                    "model": "minecraft:item/compass_22"
                  },
                  "threshold": 5.5
                },
                {
                  "model": {
                    "type": "minecraft:model",
                    "model": "minecraft:item/compass_23"
                  },
                  "threshold": 6.5
                },
                {
                  "model": {
                    "type": "minecraft:model",
                    "model": "minecraft:item/compass_24"
                  },
                  "threshold": 7.5
                },
                {
                  "model": {
                    "type": "minecraft:model",
                    "model": "minecraft:item/compass_25"
                  },
                  "threshold": 8.5
                },
                {
                  "model": {
                    "type": "minecraft:model",
                    "model": "minecraft:item/compass_26"
                  },
                  "threshold": 9.5
                },
                {
                  "model": {
                    "type": "minecraft:model",
                    "model": "minecraft:item/compass_27"
                  },
                  "threshold": 10.5
                },
                {
                  "model": {
                    "type": "minecraft:model",
                    "model": "minecraft:item/compass_28"
                  },
                  "threshold": 11.5
                },
                {
                  "model": {
                    "type": "minecraft:model",
                    "model": "minecraft:item/compass_29"
                  },
                  "threshold": 12.5
                },
                {
                  "model": {
                    "type": "minecraft:model",
                    "model": "minecraft:item/compass_30"
                  },
                  "threshold": 13.5
                },
                {
                  "model": {
                    "type": "minecraft:model",
                    "model": "minecraft:item/compass_31"
                  },
                  "threshold": 14.5
                },
                {
                  "model": {
                    "type": "minecraft:model",
                    "model": "minecraft:item/compass_00"
                  },
                  "threshold": 15.5
                },
                {
                  "model": {
                    "type": "minecraft:model",
                    "model": "minecraft:item/compass_01"
                  },
                  "threshold": 16.5
                },
                {
                  "model": {
                    "type": "minecraft:model",
                    "model": "minecraft:item/compass_02"
                  },
                  "threshold": 17.5
                },
                {
                  "model": {
                    "type": "minecraft:model",
                    "model": "minecraft:item/compass_03"
                  },
                  "threshold": 18.5
                },
                {
                  "model": {
                    "type": "minecraft:model",
                    "model": "minecraft:item/compass_04"
                  },
                  "threshold": 19.5
                },
                {
                  "model": {
                    "type": "minecraft:model",
                    "model": "minecraft:item/compass_05"
                  },
                  "threshold": 20.5
                },
                {
                  "model": {
                    "type": "minecraft:model",
                    "model": "minecraft:item/compass_06"
                  },
                  "threshold": 21.5
                },
                {
                  "model": {
                    "type": "minecraft:model",
                    "model": "minecraft:item/compass_07"
                  },
                  "threshold": 22.5
                },
                {
                  "model": {
                    "type": "minecraft:model",
                    "model": "minecraft:item/compass_08"
                  },
                  "threshold": 23.5
                },
                {
                  "model": {
                    "type": "minecraft:model",
                    "model": "minecraft:item/compass_09"
                  },
                  "threshold": 24.5
                },
                {
                  "model": {
                    "type": "minecraft:model",
                    "model": "minecraft:item/compass_10"
                  },
                  "threshold": 25.5
                },
                {
                  "model": {
                    "type": "minecraft:model",
                    "model": "minecraft:item/compass_11"
                  },
                  "threshold": 26.5
                },
                {
                  "model": {
                    "type": "minecraft:model",
                    "model": "minecraft:item/compass_12"
                  },
                  "threshold": 27.5
                },
                {
                  "model": {
                    "type": "minecraft:model",
                    "model": "minecraft:item/compass_13"
                  },
                  "threshold": 28.5
                },
                {
                  "model": {
                    "type": "minecraft:model",
                    "model": "minecraft:item/compass_14"
                  },
                  "threshold": 29.5
                },
                {
                  "model": {
                    "type": "minecraft:model",
                    "model": "minecraft:item/compass_15"
                  },
                  "threshold": 30.5
                },
                {
                  "model": {
                    "type": "minecraft:model",
                    "model": "minecraft:item/compass_16"
                  },
                  "threshold": 31.5
                }
              ],
              "property": "minecraft:compass",
              "scale": 32.0,
              "target": "spawn"
            },
            "when": "minecraft:overworld"
          }
        ],
        "fallback": {
          "type": "minecraft:range_dispatch",
          "entries": [
            {
              "model": {
                "type": "minecraft:model",
                "model": "minecraft:item/compass_16"
              },
              "threshold": 0.0
            },
            {
              "model": {
                "type": "minecraft:model",
                "model": "minecraft:item/compass_17"
              },
              "threshold": 0.5
            },
            {
              "model": {
                "type": "minecraft:model",
                "model": "minecraft:item/compass_18"
              },
              "threshold": 1.5
            },
            {
              "model": {
                "type": "minecraft:model",
                "model": "minecraft:item/compass_19"
              },
              "threshold": 2.5
            },
            {
              "model": {
                "type": "minecraft:model",
                "model": "minecraft:item/compass_20"
              },
              "threshold": 3.5
            },
            {
              "model": {
                "type": "minecraft:model",
                "model": "minecraft:item/compass_21"
              },
              "threshold": 4.5
            },
            {
              "model": {
                "type": "minecraft:model",
                "model": "minecraft:item/compass_22"
              },
              "threshold": 5.5
            },
            {
              "model": {
                "type": "minecraft:model",
                "model": "minecraft:item/compass_23"
              },
              "threshold": 6.5
            },
            {
              "model": {
                "type": "minecraft:model",
                "model": "minecraft:item/compass_24"
              },
              "threshold": 7.5
            },
            {
              "model": {
                "type": "minecraft:model",
                "model": "minecraft:item/compass_25"
              },
              "threshold": 8.5
            },
            {
              "model": {
                "type": "minecraft:model",
                "model": "minecraft:item/compass_26"
              },
              "threshold": 9.5
            },
            {
              "model": {
                "type": "minecraft:model",
                "model": "minecraft:item/compass_27"
              },
              "threshold": 10.5
            },
            {
              "model": {
                "type": "minecraft:model",
                "model": "minecraft:item/compass_28"
              },
              "threshold": 11.5
            },
            {
              "model": {
                "type": "minecraft:model",
                "model": "minecraft:item/compass_29"
              },
              "threshold": 12.5
            },
            {
              "model": {
                "type": "minecraft:model",
                "model": "minecraft:item/compass_30"
              },
              "threshold": 13.5
            },
            {
              "model": {
                "type": "minecraft:model",
                "model": "minecraft:item/compass_31"
              },
              "threshold": 14.5
            },
            {
              "model": {
                "type": "minecraft:model",
                "model": "minecraft:item/compass_00"
              },
              "threshold": 15.5
            },
            {
              "model": {
                "type": "minecraft:model",
                "model": "minecraft:item/compass_01"
              },
              "threshold": 16.5
            },
            {
              "model": {
                "type": "minecraft:model",
                "model": "minecraft:item/compass_02"
              },
              "threshold": 17.5
            },
            {
              "model": {
                "type": "minecraft:model",
                "model": "minecraft:item/compass_03"
              },
              "threshold": 18.5
            },
            {
              "model": {
                "type": "minecraft:model",
                "model": "minecraft:item/compass_04"
              },
              "threshold": 19.5
            },
            {
              "model": {
                "type": "minecraft:model",
                "model": "minecraft:item/compass_05"
              },
              "threshold": 20.5
            },
            {
              "model": {
                "type": "minecraft:model",
                "model": "minecraft:item/compass_06"
              },
              "threshold": 21.5
            },
            {
              "model": {
                "type": "minecraft:model",
                "model": "minecraft:item/compass_07"
              },
              "threshold": 22.5
            },
            {
              "model": {
                "type": "minecraft:model",
                "model": "minecraft:item/compass_08"
              },
              "threshold": 23.5
            },
            {
              "model": {
                "type": "minecraft:model",
                "model": "minecraft:item/compass_09"
              },
              "threshold": 24.5
            },
            {
              "model": {
                "type": "minecraft:model",
                "model": "minecraft:item/compass_10"
              },
              "threshold": 25.5
            },
            {
              "model": {
                "type": "minecraft:model",
                "model": "minecraft:item/compass_11"
              },
              "threshold": 26.5
            },
            {
              "model": {
                "type": "minecraft:model",
                "model": "minecraft:item/compass_12"
              },
              "threshold": 27.5
            },
            {
              "model": {
                "type": "minecraft:model",
                "model": "minecraft:item/compass_13"
              },
              "threshold": 28.5
            },
            {
              "model": {
                "type": "minecraft:model",
                "model": "minecraft:item/compass_14"
              },
              "threshold": 29.5
            },
            {
              "model": {
                "type": "minecraft:model",
                "model": "minecraft:item/compass_15"
              },
              "threshold": 30.5
            },
            {
              "model": {
                "type": "minecraft:model",
                "model": "minecraft:item/compass_16"
              },
              "threshold": 31.5
            }
          ],
          "property": "minecraft:compass",
          "scale": 32.0,
          "target": "none"
        },
        "property": "minecraft:context_dimension"
      },
      "on_true": {
        "type": "minecraft:range_dispatch",
        "entries": [
          {
            "model": {
              "type": "minecraft:model",
              "model": "minecraft:item/compass_16"
            },
            "threshold": 0.0
          },
          {
            "model": {
              "type": "minecraft:model",
              "model": "minecraft:item/compass_17"
            },
            "threshold": 0.5
          },
          {
            "model": {
              "type": "minecraft:model",
              "model": "minecraft:item/compass_18"
            },
            "threshold": 1.5
          },
          {
            "model": {
              "type": "minecraft:model",
              "model": "minecraft:item/compass_19"
            },
            "threshold": 2.5
          },
          {
            "model": {
              "type": "minecraft:model",
              "model": "minecraft:item/compass_20"
            },
            "threshold": 3.5
          },
          {
            "model": {
              "type": "minecraft:model",
              "model": "minecraft:item/compass_21"
            },
            "threshold": 4.5
          },
          {
            "model": {
              "type": "minecraft:model",
              "model": "minecraft:item/compass_22"
            },
            "threshold": 5.5
          },
          {
            "model": {
              "type": "minecraft:model",
              "model": "minecraft:item/compass_23"
            },
            "threshold": 6.5
          },
          {
            "model": {
              "type": "minecraft:model",
              "model": "minecraft:item/compass_24"
            },
            "threshold": 7.5
          },
          {
            "model": {
              "type": "minecraft:model",
              "model": "minecraft:item/compass_25"
            },
            "threshold": 8.5
          },
          {
            "model": {
              "type": "minecraft:model",
              "model": "minecraft:item/compass_26"
            },
            "threshold": 9.5
          },
          {
            "model": {
              "type": "minecraft:model",
              "model": "minecraft:item/compass_27"
            },
            "threshold": 10.5
          },
          {
            "model": {
              "type": "minecraft:model",
              "model": "minecraft:item/compass_28"
            },
            "threshold": 11.5
          },
          {
            "model": {
              "type": "minecraft:model",
              "model": "minecraft:item/compass_29"
            },
            "threshold": 12.5
          },
          {
            "model": {
              "type": "minecraft:model",
              "model": "minecraft:item/compass_30"
            },
            "threshold": 13.5
          },
          {
            "model": {
              "type": "minecraft:model",
              "model": "minecraft:item/compass_31"
            },
            "threshold": 14.5
          },
          {
            "model": {
              "type": "minecraft:model",
              "model": "minecraft:item/compass_00"
            },
            "threshold": 15.5
          },
          {
            "model": {
              "type": "minecraft:model",
              "model": "minecraft:item/compass_01"
            },
            "threshold": 16.5
          },
          {
            "model": {
              "type": "minecraft:model",
              "model": "minecraft:item/compass_02"
            },
            "threshold": 17.5
          },
          {
            "model": {
              "type": "minecraft:model",
              "model": "minecraft:item/compass_03"
            },
            "threshold": 18.5
          },
          {
            "model": {
              "type": "minecraft:model",
              "model": "minecraft:item/compass_04"
            },
            "threshold": 19.5
          },
          {
            "model": {
              "type": "minecraft:model",
              "model": "minecraft:item/compass_05"
            },
            "threshold": 20.5
          },
          {
            "model": {
              "type": "minecraft:model",
              "model": "minecraft:item/compass_06"
            },
            "threshold": 21.5
          },
          {
            "model": {
              "type": "minecraft:model",
              "model": "minecraft:item/compass_07"
            },
            "threshold": 22.5
          },
          {
            "model": {
              "type": "minecraft:model",
              "model": "minecraft:item/compass_08"
            },
            "threshold": 23.5
          },
          {
            "model": {
              "type": "minecraft:model",
              "model": "minecraft:item/compass_09"
            },
            "threshold": 24.5
          },
          {
            "model": {
              "type": "minecraft:model",
              "model": "minecraft:item/compass_10"
            },
            "threshold": 25.5
          },
          {
            "model": {
              "type": "minecraft:model",
              "model": "minecraft:item/compass_11"
            },
            "threshold": 26.5
          },
          {
            "model": {
              "type": "minecraft:model",
              "model": "minecraft:item/compass_12"
            },
            "threshold": 27.5
          },
          {
            "model": {
              "type": "minecraft:model",
              "model": "minecraft:item/compass_13"
            },
            "threshold": 28.5
          },
          {
            "model": {
              "type": "minecraft:model",
              "model": "minecraft:item/compass_14"
            },
            "threshold": 29.5
          },
          {
            "model": {
              "type": "minecraft:model",
              "model": "minecraft:item/compass_15"
            },
            "threshold": 30.5
          },
          {
            "model": {
              "type": "minecraft:model",
              "model": "minecraft:item/compass_16"
            },
            "threshold": 31.5
          }
        ],
        "property": "minecraft:compass",
        "scale": 32.0,
        "target": "lodestone"
      },
      "property": "minecraft:has_component"
    }
  }
}
