{
  "model": {
    "type": "minecraft:range_dispatch",
    "property": "minecraft:custom_model_data",
    "entries": [
      {
        "threshold": 3420001,
        "model": {
          "type": "minecraft:model",
          "model": "gm4_custom_crafters:block/custom_crafter"
        }
      },
      {
        "threshold": 3420002,
        "model": {
          "type": "minecraft:model",
          "model": "gm4_standard_crafting:guidebook_icon/standard_crafting"
        }
      },
      {
        "threshold": 3420003,
        "model": {
          "type": "minecraft:model",
          "model": "gm4:gui/advancements/custom_crafters"
        }
      },
      {
        "threshold": 3420004,
        "model": {
          "type": "minecraft:model",
          "model": "gm4_custom_crafters:guidebook_icon/custom_crafters"
        }
      },
      {
        "threshold": 3420006,
        "model": {
          "type": "minecraft:model",
          "model": "gm4_custom_crafters:block/custom_crafter_side"
        }
      },
      {
        "threshold": 3420007,
        "model": {
          "type": "minecraft:model",
          "model": "gm4_custom_crafters:block/custom_crafter_down"
        }
      },
      {
        "threshold": 3420008,
        "model": {
          "type": "minecraft:model",
          "model": "gm4_auto_crafting:block/auto_crafter"
        }
      }
    ],
    "fallback": {
      "type": "minecraft:model",
      "model": "minecraft:block/crafting_table"
    }
  }
}
