{
  "model": {
    "type": "minecraft:range_dispatch",
    "property": "minecraft:custom_model_data",
    "entries": [
      {
        "threshold": 3420001,
        "model": {
          "type": "minecraft:model",
          "model": "gm4_crossbow_cartridges:guidebook_icon/crossbow_cartridges"
        }
      },
      {
        "threshold": 3420124,
        "model": {
          "type": "minecraft:model",
          "model": [
            {
              "model": "gm4_animi_shamir:shamir/animi/crossbow"
            },
            {
              "predicate": {
                "pulling": 1
              },
              "model": "gm4_animi_shamir:shamir/animi/crossbow_pulling_0"
            },
            {
              "predicate": {
                "pulling": 1,
                "pull": 0.58
              },
              "model": "gm4_animi_shamir:shamir/animi/crossbow_pulling_1"
            },
            {
              "predicate": {
                "pulling": 1,
                "pull": 1.0
              },
              "model": "gm4_animi_shamir:shamir/animi/crossbow_pulling_2"
            },
            {
              "predicate": {
                "charged": 1
              },
              "model": "gm4_animi_shamir:shamir/animi/crossbow_arrow"
            },
            {
              "predicate": {
                "charged": 1,
                "firework": 1
              },
              "model": "gm4_animi_shamir:shamir/animi/crossbow_firework"
            }
          ]
        }
      }
    ],
    "fallback": {
      "type": "minecraft:condition",
      "on_false": {
        "type": "minecraft:select",
        "cases": [
          {
            "model": {
              "type": "minecraft:model",
              "model": "minecraft:item/crossbow_arrow"
            },
            "when": "arrow"
          },
          {
            "model": {
              "type": "minecraft:model",
              "model": "minecraft:item/crossbow_firework"
            },
            "when": "rocket"
          }
        ],
        "fallback": {
          "type": "minecraft:model",
          "model": "minecraft:item/crossbow"
        },
        "property": "minecraft:charge_type"
      },
      "on_true": {
        "type": "minecraft:range_dispatch",
        "entries": [
          {
            "model": {
              "type": "minecraft:model",
              "model": "minecraft:item/crossbow_pulling_1"
            },
            "threshold": 0.58
          },
          {
            "model": {
              "type": "minecraft:model",
              "model": "minecraft:item/crossbow_pulling_2"
            },
            "threshold": 1.0
          }
        ],
        "fallback": {
          "type": "minecraft:model",
          "model": "minecraft:item/crossbow_pulling_0"
        },
        "property": "minecraft:crossbow/pull"
      },
      "property": "minecraft:using_item"
    }
  }
}
