{
  "model": {
    "type": "minecraft:range_dispatch",
    "property": "minecraft:custom_model_data",
    "entries": [
      {
        "threshold": 3420010,
        "model": {
          "type": "minecraft:model",
          "model": "gm4_end_fishing:item/tools/diamond_pickaxe_1"
        }
      },
      {
        "threshold": 3420011,
        "model": {
          "type": "minecraft:model",
          "model": "gm4_end_fishing:item/tools/diamond_pickaxe_2"
        }
      },
      {
        "threshold": 3420012,
        "model": {
          "type": "minecraft:model",
          "model": "gm4_end_fishing:item/tools/diamond_pickaxe_3"
        }
      },
      {
        "threshold": 3420013,
        "model": {
          "type": "minecraft:model",
          "model": "gm4_end_fishing:item/tools/diamond_pickaxe_4"
        }
      },
      {
        "threshold": 3420014,
        "model": {
          "type": "minecraft:model",
          "model": "gm4_end_fishing:item/tools/diamond_pickaxe_5"
        }
      },
      {
        "threshold": 3420015,
        "model": {
          "type": "minecraft:model",
          "model": "gm4_end_fishing:item/tools/diamond_pickaxe_6"
        }
      },
      {
        "threshold": 3420016,
        "model": {
          "type": "minecraft:model",
          "model": "gm4_end_fishing:item/tools/diamond_pickaxe_7"
        }
      },
      {
        "threshold": 3420017,
        "model": {
          "type": "minecraft:model",
          "model": "gm4_end_fishing:item/tools/diamond_pickaxe_8"
        }
      },
      {
        "threshold": 3420018,
        "model": {
          "type": "minecraft:model",
          "model": "gm4_end_fishing:item/tools/diamond_pickaxe_9"
        }
      },
      {
        "threshold": 3420019,
        "model": {
          "type": "minecraft:model",
          "model": "gm4_end_fishing:item/tools/diamond_pickaxe_10"
        }
      },
      {
        "threshold": 3420107,
        "model": {
          "type": "minecraft:model",
          "model": [
            {
              "model": "gm4_metallurgy:shamir/forterra/diamond_pickaxe"
            }
          ]
        }
      },
      {
        "threshold": 3420110,
        "model": {
          "type": "minecraft:model",
          "model": [
            {
              "model": "gm4_metallurgy:shamir/hypexperia/diamond_pickaxe"
            }
          ]
        }
      },
      {
        "threshold": 3420111,
        "model": {
          "type": "minecraft:model",
          "model": [
            {
              "model": "gm4_metallurgy:shamir/tinker/diamond_pickaxe"
            }
          ]
        }
      },
      {
        "threshold": 3420113,
        "model": {
          "type": "minecraft:model",
          "model": [
            {
              "model": "gm4_metallurgy:shamir/moneo/diamond_pickaxe"
            }
          ]
        }
      },
      {
        "threshold": 3420114,
        "model": {
          "type": "minecraft:model",
          "model": [
            {
              "model": "gm4_lumos_shamir:shamir/lumos/diamond_pickaxe"
            }
          ]
        }
      },
      {
        "threshold": 3420120,
        "model": {
          "type": "minecraft:model",
          "model": [
            {
              "model": "gm4_audere_shamir:shamir/audere/diamond_pickaxe"
            }
          ]
        }
      },
      {
        "threshold": 3420124,
        "model": {
          "type": "minecraft:model",
          "model": [
            {
              "model": "gm4_animi_shamir:shamir/animi/diamond_pickaxe"
            }
          ]
        }
      }
    ],
    "fallback": {
      "type": "minecraft:model",
      "model": "minecraft:item/diamond_pickaxe"
    }
  }
}
