{
  "model": {
    "type": "minecraft:range_dispatch",
    "property": "minecraft:custom_model_data",
    "entries": [
      {
        "threshold": 3420001,
        "model": {
          "type": "minecraft:model",
          "model": "gm4:gui/advancements/end_fishing_phantom"
        }
      },
      {
        "threshold": 3420010,
        "model": {
          "type": "minecraft:model",
          "model": [
            {
              "predicate": {
                "broken": 0
              },
              "model": "gm4_end_fishing:item/elytra/captains_wings"
            },
            {
              "predicate": {
                "broken": 1
              },
              "model": "gm4_end_fishing:item/elytra/broken_captains_wings"
            }
          ]
        }
      },
      {
        "threshold": 3420011,
        "model": {
          "type": "minecraft:model",
          "model": [
            {
              "predicate": {
                "broken": 0
              },
              "model": "gm4_end_fishing:item/elytra/ravaged_wings"
            },
            {
              "predicate": {
                "broken": 1
              },
              "model": "gm4_end_fishing:item/elytra/broken_ravaged_wings"
            }
          ]
        }
      },
      {
        "threshold": 3420113,
        "model": {
          "type": "minecraft:model",
          "model": [
            {
              "model": "gm4_metallurgy:shamir/moneo/elytra"
            },
            {
              "predicate": {
                "broken": 1
              },
              "model": "gm4_metallurgy:shamir/moneo/broken_elytra"
            }
          ]
        }
      },
      {
        "threshold": 3420124,
        "model": {
          "type": "minecraft:model",
          "model": [
            {
              "model": "gm4_animi_shamir:shamir/animi/elytra"
            },
            {
              "predicate": {
                "broken": 1
              },
              "model": "gm4_animi_shamir:shamir/animi/broken_elytra"
            }
          ]
        }
      },
      {
        "threshold": 3420200,
        "model": {
          "type": "minecraft:model",
          "model": "gm4:gui/advancements/orb_of_ankou_soaring_pneuma"
        }
      }
    ],
    "fallback": {
      "type": "minecraft:condition",
      "on_false": {
        "type": "minecraft:model",
        "model": "minecraft:item/elytra"
      },
      "on_true": {
        "type": "minecraft:model",
        "model": "minecraft:item/elytra_broken"
      },
      "property": "minecraft:broken"
    }
  }
}
