{
  "model": {
    "type": "minecraft:range_dispatch",
    "property": "minecraft:custom_model_data",
    "entries": [
      {
        "threshold": 3420001,
        "model": {
          "type": "minecraft:model",
          "model": "gm4:gui/advancements/calling_bell"
        }
      },
      {
        "threshold": 3420002,
        "model": {
          "type": "minecraft:model",
          "model": "gm4_calling_bell:guidebook_icon/calling_bell"
        }
      },
      {
        "threshold": 3420010,
        "model": {
          "type": "minecraft:model",
          "model": "gm4_end_fishing:item/ores/emerald_1"
        }
      },
      {
        "threshold": 3420011,
        "model": {
          "type": "minecraft:model",
          "model": "gm4_end_fishing:item/ores/emerald_2"
        }
      },
      {
        "threshold": 3420012,
        "model": {
          "type": "minecraft:model",
          "model": "gm4_end_fishing:item/ores/emerald_3"
        }
      },
      {
        "threshold": 3420013,
        "model": {
          "type": "minecraft:model",
          "model": "gm4_end_fishing:item/ores/emerald_4"
        }
      },
      {
        "threshold": 3420014,
        "model": {
          "type": "minecraft:model",
          "model": "gm4_end_fishing:item/ores/emerald_5"
        }
      },
      {
        "threshold": 3420015,
        "model": {
          "type": "minecraft:model",
          "model": "gm4_end_fishing:item/ores/emerald_6"
        }
      }
    ],
    "fallback": {
      "type": "minecraft:model",
      "model": "minecraft:item/emerald"
    }
  }
}
