{
  "model": {
    "type": "minecraft:range_dispatch",
    "property": "minecraft:custom_model_data",
    "entries": [
      {
        "threshold": 3420001,
        "model": {
          "type": "minecraft:model",
          "model": "gm4_enchantment_extractors:block/enchantment_extractor"
        }
      },
      {
        "threshold": 3420002,
        "model": {
          "type": "minecraft:model",
          "model": "gm4:gui/advancements/enchantment_extractors"
        }
      },
      {
        "threshold": 3420003,
        "model": {
          "type": "minecraft:model",
          "model": "gm4_enchantment_extractors:guidebook_icon/enchantment_extractors"
        }
      },
      {
        "threshold": 3420004,
        "model": {
          "type": "minecraft:model",
          "model": "gm4_enchantment_extractors:block/enchantment_extractor_side"
        }
      },
      {
        "threshold": 3420005,
        "model": {
          "type": "minecraft:model",
          "model": "gm4_enchantment_extractors:block/enchantment_extractor_down"
        }
      }
    ],
    "fallback": {
      "type": "minecraft:model",
      "model": "minecraft:block/enchanting_table"
    }
  }
}
