{
  "model": {
    "type": "minecraft:range_dispatch",
    "property": "minecraft:custom_model_data",
    "entries": [
      {
        "threshold": 3420001,
        "model": {
          "type": "minecraft:model",
          "model": "gm4_xp_storage:guidebook_icon/xp_storage"
        }
      }
    ],
    "fallback": {
      "type": "minecraft:special",
      "base": "minecraft:item/ender_chest",
      "model": {
        "type": "minecraft:chest",
        "texture": "minecraft:ender"
      }
    }
  }
}
