{
  "model": {
    "type": "minecraft:range_dispatch",
    "property": "minecraft:custom_model_data",
    "entries": [
      {
        "threshold": 3420001,
        "model": {
          "type": "minecraft:model",
          "model": "gm4_orb_of_ankou:item/orb_of_ankou"
        }
      },
      {
        "threshold": 3420002,
        "model": {
          "type": "minecraft:model",
          "model": "gm4_everstone:item/everstone"
        }
      },
      {
        "threshold": 3420003,
        "model": {
          "type": "minecraft:model",
          "model": "gm4:gui/advancements/everstones"
        }
      },
      {
        "threshold": 3420004,
        "model": {
          "type": "minecraft:model",
          "model": "gm4_everstone:guidebook_icon/everstone"
        }
      },
      {
        "threshold": 3420012,
        "model": {
          "type": "minecraft:model",
          "model": "gm4_zauber_cauldrons:item/crystal/speed"
        }
      },
      {
        "threshold": 3420013,
        "model": {
          "type": "minecraft:model",
          "model": "gm4_zauber_cauldrons:item/crystal/regeneration"
        }
      },
      {
        "threshold": 3420054,
        "model": {
          "type": "minecraft:model",
          "model": "gm4_zauber_cauldrons:item/crystal/instant_damage"
        }
      },
      {
        "threshold": 3420055,
        "model": {
          "type": "minecraft:model",
          "model": "gm4_zauber_cauldrons:item/crystal/instant_health"
        }
      },
      {
        "threshold": 3420056,
        "model": {
          "type": "minecraft:model",
          "model": "gm4_zauber_cauldrons:item/crystal/jump_boost"
        }
      },
      {
        "threshold": 3420057,
        "model": {
          "type": "minecraft:model",
          "model": "gm4_zauber_cauldrons:item/crystal/poison"
        }
      },
      {
        "threshold": 3420058,
        "model": {
          "type": "minecraft:model",
          "model": "gm4_zauber_cauldrons:item/crystal/strength"
        }
      },
      {
        "threshold": 3420200,
        "model": {
          "type": "minecraft:model",
          "model": "gm4:gui/advancements/orb_of_ankou_max_orb"
        }
      }
    ],
    "fallback": {
      "type": "minecraft:model",
      "model": "minecraft:item/firework_star",
      "tints": [
        {
          "type": "minecraft:constant",
          "value": -1
        },
        {
          "type": "minecraft:firework",
          "default": -7697782
        }
      ]
    }
  }
}
