{
  "model": {
    "type": "minecraft:range_dispatch",
    "property": "minecraft:custom_model_data",
    "entries": [
      {
        "threshold": 3420001,
        "model": {
          "type": "minecraft:model",
          "model": "gm4:gui/advancements/end_fishing"
        }
      },
      {
        "threshold": 3420002,
        "model": {
          "type": "minecraft:model",
          "model": "gm4_end_fishing:guidebook_icon/end_fishing"
        }
      },
      {
        "threshold": 3420110,
        "model": {
          "type": "minecraft:model",
          "model": [
            {
              "model": "gm4_metallurgy:shamir/hypexperia/fishing_rod"
            },
            {
              "predicate": {
                "cast": 1
              },
              "model": "gm4_metallurgy:shamir/hypexperia/fishing_rod_cast"
            }
          ]
        }
      },
      {
        "threshold": 3420124,
        "model": {
          "type": "minecraft:model",
          "model": [
            {
              "model": "gm4_animi_shamir:shamir/animi/fishing_rod"
            },
            {
              "predicate": {
                "cast": 1
              },
              "model": "gm4_animi_shamir:shamir/animi/fishing_rod_cast"
            }
          ]
        }
      }
    ],
    "fallback": {
      "type": "minecraft:condition",
      "on_false": {
        "type": "minecraft:model",
        "model": "minecraft:item/fishing_rod"
      },
      "on_true": {
        "type": "minecraft:model",
        "model": "minecraft:item/fishing_rod_cast"
      },
      "property": "minecraft:fishing_rod/cast"
    }
  }
}
