{
  "model": {
    "type": "minecraft:range_dispatch",
    "property": "minecraft:custom_model_data",
    "entries": [
      {
        "threshold": 3420001,
        "model": {
          "type": "minecraft:model",
          "model": "gm4:gui/advancements/orb_of_ankou_soul_shard"
        }
      },
      {
        "threshold": 3420002,
        "model": {
          "type": "minecraft:model",
          "model": "gm4_better_fire:item/charred_arrowhead"
        }
      },
      {
        "threshold": 3420200,
        "model": {
          "type": "minecraft:model",
          "model": "gm4_orb_of_ankou:item/shards/aggressive"
        }
      },
      {
        "threshold": 3420201,
        "model": {
          "type": "minecraft:model",
          "model": "gm4_orb_of_ankou:item/shards/agile"
        }
      },
      {
        "threshold": 3420202,
        "model": {
          "type": "minecraft:model",
          "model": "gm4_orb_of_ankou:item/shards/anchoring"
        }
      },
      {
        "threshold": 3420203,
        "model": {
          "type": "minecraft:model",
          "model": "gm4_orb_of_ankou:item/shards/bargaining"
        }
      },
      {
        "threshold": 3420204,
        "model": {
          "type": "minecraft:model",
          "model": "gm4_orb_of_ankou:item/shards/bashing"
        }
      },
      {
        "threshold": 3420205,
        "model": {
          "type": "minecraft:model",
          "model": "gm4_orb_of_ankou:item/shards/blasting"
        }
      },
      {
        "threshold": 3420206,
        "model": {
          "type": "minecraft:model",
          "model": "gm4_orb_of_ankou:item/shards/blinding"
        }
      },
      {
        "threshold": 3420207,
        "model": {
          "type": "minecraft:model",
          "model": "gm4_orb_of_ankou:item/shards/bounding"
        }
      },
      {
        "threshold": 3420208,
        "model": {
          "type": "minecraft:model",
          "model": "gm4_orb_of_ankou:item/shards/bubbly"
        }
      },
      {
        "threshold": 3420209,
        "model": {
          "type": "minecraft:model",
          "model": "gm4_orb_of_ankou:item/shards/conjuring"
        }
      },
      {
        "threshold": 3420210,
        "model": {
          "type": "minecraft:model",
          "model": "gm4_orb_of_ankou:item/shards/depriving"
        }
      },
      {
        "threshold": 3420211,
        "model": {
          "type": "minecraft:model",
          "model": "gm4_orb_of_ankou:item/shards/draining"
        }
      },
      {
        "threshold": 3420212,
        "model": {
          "type": "minecraft:model",
          "model": "gm4_orb_of_ankou:item/shards/enduring"
        }
      },
      {
        "threshold": 3420213,
        "model": {
          "type": "minecraft:model",
          "model": "gm4_orb_of_ankou:item/shards/expeditious"
        }
      },
      {
        "threshold": 3420214,
        "model": {
          "type": "minecraft:model",
          "model": "gm4_orb_of_ankou:item/shards/feathery"
        }
      },
      {
        "threshold": 3420215,
        "model": {
          "type": "minecraft:model",
          "model": "gm4_orb_of_ankou:item/shards/gazing"
        }
      },
      {
        "threshold": 3420216,
        "model": {
          "type": "minecraft:model",
          "model": "gm4_orb_of_ankou:item/shards/gliding"
        }
      },
      {
        "threshold": 3420217,
        "model": {
          "type": "minecraft:model",
          "model": "gm4_orb_of_ankou:item/shards/hawkeye"
        }
      },
      {
        "threshold": 3420218,
        "model": {
          "type": "minecraft:model",
          "model": "gm4_orb_of_ankou:item/shards/incombustible"
        }
      },
      {
        "threshold": 3420219,
        "model": {
          "type": "minecraft:model",
          "model": "gm4_orb_of_ankou:item/shards/lifeless"
        }
      },
      {
        "threshold": 3420220,
        "model": {
          "type": "minecraft:model",
          "model": "gm4_orb_of_ankou:item/shards/neutralizing"
        }
      },
      {
        "threshold": 3420221,
        "model": {
          "type": "minecraft:model",
          "model": "gm4_orb_of_ankou:item/shards/phasing"
        }
      },
      {
        "threshold": 3420222,
        "model": {
          "type": "minecraft:model",
          "model": "gm4_orb_of_ankou:item/shards/pricking"
        }
      },
      {
        "threshold": 3420223,
        "model": {
          "type": "minecraft:model",
          "model": "gm4_orb_of_ankou:item/shards/retreating"
        }
      },
      {
        "threshold": 3420224,
        "model": {
          "type": "minecraft:model",
          "model": "gm4_orb_of_ankou:item/shards/rushing"
        }
      },
      {
        "threshold": 3420225,
        "model": {
          "type": "minecraft:model",
          "model": "gm4_orb_of_ankou:item/shards/scaling"
        }
      },
      {
        "threshold": 3420226,
        "model": {
          "type": "minecraft:model",
          "model": "gm4_orb_of_ankou:item/shards/soaring"
        }
      },
      {
        "threshold": 3420227,
        "model": {
          "type": "minecraft:model",
          "model": "gm4_orb_of_ankou:item/shards/synergetic"
        }
      },
      {
        "threshold": 3420228,
        "model": {
          "type": "minecraft:model",
          "model": "gm4_orb_of_ankou:item/shards/vanishing"
        }
      },
      {
        "threshold": 3420229,
        "model": {
          "type": "minecraft:model",
          "model": "gm4_orb_of_ankou:item/shards/venomous"
        }
      },
      {
        "threshold": 3420230,
        "model": {
          "type": "minecraft:model",
          "model": "gm4_orb_of_ankou:item/shards/volatile"
        }
      },
      {
        "threshold": 3420231,
        "model": {
          "type": "minecraft:model",
          "model": "gm4_orb_of_ankou:item/shards/withering"
        }
      },
      {
        "threshold": 3420232,
        "model": {
          "type": "minecraft:model",
          "model": "gm4_orb_of_ankou:item/shards/striding"
        }
      },
      {
        "threshold": 3420233,
        "model": {
          "type": "minecraft:model",
          "model": "gm4_orb_of_ankou:item/shards/freezing"
        }
      },
      {
        "threshold": 3420234,
        "model": {
          "type": "minecraft:model",
          "model": "gm4_orb_of_ankou:item/shards/feigning"
        }
      },
      {
        "threshold": 3420235,
        "model": {
          "type": "minecraft:model",
          "model": "gm4_orb_of_ankou:item/shards/shrieking"
        }
      },
      {
        "threshold": 3420236,
        "model": {
          "type": "minecraft:model",
          "model": "gm4_orb_of_ankou:item/shards/dashing"
        }
      },
      {
        "threshold": 3420237,
        "model": {
          "type": "minecraft:model",
          "model": "gm4_orb_of_ankou:item/shards/sniffing"
        }
      },
      {
        "threshold": 3420238,
        "model": {
          "type": "minecraft:model",
          "model": "gm4_orb_of_ankou:item/shards/tranquilizing"
        }
      }
    ],
    "fallback": {
      "type": "minecraft:model",
      "model": "minecraft:item/flint"
    }
  }
}
