{
  "model": {
    "type": "minecraft:range_dispatch",
    "property": "minecraft:custom_model_data",
    "entries": [
      {
        "threshold": 3420001,
        "model": {
          "type": "minecraft:model",
          "model": "gm4_scuba_gear:item/scuba_tank"
        }
      },
      {
        "threshold": 3420002,
        "model": {
          "type": "minecraft:model",
          "model": "gm4_zauber_cauldrons:item/zauber_armor/health_boost/chestplate"
        }
      },
      {
        "threshold": 3420003,
        "model": {
          "type": "minecraft:model",
          "model": "gm4_zauber_cauldrons:item/zauber_armor/attack_boost/chestplate"
        }
      },
      {
        "threshold": 3420004,
        "model": {
          "type": "minecraft:model",
          "model": "gm4_zauber_cauldrons:item/zauber_armor/speed_boost/chestplate"
        }
      },
      {
        "threshold": 3420005,
        "model": {
          "type": "minecraft:model",
          "model": "gm4_zauber_cauldrons:item/zauber_armor/armor_boost/chestplate"
        }
      },
      {
        "threshold": 3420006,
        "model": {
          "type": "minecraft:model",
          "model": "gm4:gui/advancements/zauber_cauldrons_full_armor"
        }
      },
      {
        "threshold": 3420103,
        "model": {
          "type": "minecraft:model",
          "model": [
            {
              "model": "gm4_weighted_armour:shamir/helious/golden_chestplate"
            },
            {
              "predicate": {
                "trim_type": 0.1
              },
              "model": "gm4_weighted_armour:shamir/helious/golden_chestplate_quartz_trim"
            },
            {
              "predicate": {
                "trim_type": 0.2
              },
              "model": "gm4_weighted_armour:shamir/helious/golden_chestplate_iron_trim"
            },
            {
              "predicate": {
                "trim_type": 0.3
              },
              "model": "gm4_weighted_armour:shamir/helious/golden_chestplate_netherite_trim"
            },
            {
              "predicate": {
                "trim_type": 0.4
              },
              "model": "gm4_weighted_armour:shamir/helious/golden_chestplate_redstone_trim"
            },
            {
              "predicate": {
                "trim_type": 0.5
              },
              "model": "gm4_weighted_armour:shamir/helious/golden_chestplate_copper_trim"
            },
            {
              "predicate": {
                "trim_type": 0.6
              },
              "model": "gm4_weighted_armour:shamir/helious/golden_chestplate_gold_darker_trim"
            },
            {
              "predicate": {
                "trim_type": 0.7
              },
              "model": "gm4_weighted_armour:shamir/helious/golden_chestplate_emerald_trim"
            },
            {
              "predicate": {
                "trim_type": 0.8
              },
              "model": "gm4_weighted_armour:shamir/helious/golden_chestplate_diamond_trim"
            },
            {
              "predicate": {
                "trim_type": 0.9
              },
              "model": "gm4_weighted_armour:shamir/helious/golden_chestplate_lapis_trim"
            },
            {
              "predicate": {
                "trim_type": 1.0
              },
              "model": "gm4_weighted_armour:shamir/helious/golden_chestplate_amethyst_trim"
            }
          ]
        }
      },
      {
        "threshold": 3420106,
        "model": {
          "type": "minecraft:model",
          "model": [
            {
              "model": "gm4_metallurgy:shamir/defuse/golden_chestplate"
            },
            {
              "predicate": {
                "trim_type": 0.1
              },
              "model": "gm4_metallurgy:shamir/defuse/golden_chestplate_quartz_trim"
            },
            {
              "predicate": {
                "trim_type": 0.2
              },
              "model": "gm4_metallurgy:shamir/defuse/golden_chestplate_iron_trim"
            },
            {
              "predicate": {
                "trim_type": 0.3
              },
              "model": "gm4_metallurgy:shamir/defuse/golden_chestplate_netherite_trim"
            },
            {
              "predicate": {
                "trim_type": 0.4
              },
              "model": "gm4_metallurgy:shamir/defuse/golden_chestplate_redstone_trim"
            },
            {
              "predicate": {
                "trim_type": 0.5
              },
              "model": "gm4_metallurgy:shamir/defuse/golden_chestplate_copper_trim"
            },
            {
              "predicate": {
                "trim_type": 0.6
              },
              "model": "gm4_metallurgy:shamir/defuse/golden_chestplate_gold_darker_trim"
            },
            {
              "predicate": {
                "trim_type": 0.7
              },
              "model": "gm4_metallurgy:shamir/defuse/golden_chestplate_emerald_trim"
            },
            {
              "predicate": {
                "trim_type": 0.8
              },
              "model": "gm4_metallurgy:shamir/defuse/golden_chestplate_diamond_trim"
            },
            {
              "predicate": {
                "trim_type": 0.9
              },
              "model": "gm4_metallurgy:shamir/defuse/golden_chestplate_lapis_trim"
            },
            {
              "predicate": {
                "trim_type": 1.0
              },
              "model": "gm4_metallurgy:shamir/defuse/golden_chestplate_amethyst_trim"
            }
          ]
        }
      },
      {
        "threshold": 3420122,
        "model": {
          "type": "minecraft:model",
          "model": [
            {
              "model": "gm4_iacio_shamir:shamir/iacio/golden_chestplate"
            },
            {
              "predicate": {
                "trim_type": 0.1
              },
              "model": "gm4_iacio_shamir:shamir/iacio/golden_chestplate_quartz_trim"
            },
            {
              "predicate": {
                "trim_type": 0.2
              },
              "model": "gm4_iacio_shamir:shamir/iacio/golden_chestplate_iron_trim"
            },
            {
              "predicate": {
                "trim_type": 0.3
              },
              "model": "gm4_iacio_shamir:shamir/iacio/golden_chestplate_netherite_trim"
            },
            {
              "predicate": {
                "trim_type": 0.4
              },
              "model": "gm4_iacio_shamir:shamir/iacio/golden_chestplate_redstone_trim"
            },
            {
              "predicate": {
                "trim_type": 0.5
              },
              "model": "gm4_iacio_shamir:shamir/iacio/golden_chestplate_copper_trim"
            },
            {
              "predicate": {
                "trim_type": 0.6
              },
              "model": "gm4_iacio_shamir:shamir/iacio/golden_chestplate_gold_darker_trim"
            },
            {
              "predicate": {
                "trim_type": 0.7
              },
              "model": "gm4_iacio_shamir:shamir/iacio/golden_chestplate_emerald_trim"
            },
            {
              "predicate": {
                "trim_type": 0.8
              },
              "model": "gm4_iacio_shamir:shamir/iacio/golden_chestplate_diamond_trim"
            },
            {
              "predicate": {
                "trim_type": 0.9
              },
              "model": "gm4_iacio_shamir:shamir/iacio/golden_chestplate_lapis_trim"
            },
            {
              "predicate": {
                "trim_type": 1.0
              },
              "model": "gm4_iacio_shamir:shamir/iacio/golden_chestplate_amethyst_trim"
            }
          ]
        }
      },
      {
        "threshold": 3420124,
        "model": {
          "type": "minecraft:model",
          "model": [
            {
              "model": "gm4_animi_shamir:shamir/animi/golden_chestplate"
            },
            {
              "predicate": {
                "trim_type": 0.1
              },
              "model": "gm4_animi_shamir:shamir/animi/golden_chestplate_quartz_trim"
            },
            {
              "predicate": {
                "trim_type": 0.2
              },
              "model": "gm4_animi_shamir:shamir/animi/golden_chestplate_iron_trim"
            },
            {
              "predicate": {
                "trim_type": 0.3
              },
              "model": "gm4_animi_shamir:shamir/animi/golden_chestplate_netherite_trim"
            },
            {
              "predicate": {
                "trim_type": 0.4
              },
              "model": "gm4_animi_shamir:shamir/animi/golden_chestplate_redstone_trim"
            },
            {
              "predicate": {
                "trim_type": 0.5
              },
              "model": "gm4_animi_shamir:shamir/animi/golden_chestplate_copper_trim"
            },
            {
              "predicate": {
                "trim_type": 0.6
              },
              "model": "gm4_animi_shamir:shamir/animi/golden_chestplate_gold_darker_trim"
            },
            {
              "predicate": {
                "trim_type": 0.7
              },
              "model": "gm4_animi_shamir:shamir/animi/golden_chestplate_emerald_trim"
            },
            {
              "predicate": {
                "trim_type": 0.8
              },
              "model": "gm4_animi_shamir:shamir/animi/golden_chestplate_diamond_trim"
            },
            {
              "predicate": {
                "trim_type": 0.9
              },
              "model": "gm4_animi_shamir:shamir/animi/golden_chestplate_lapis_trim"
            },
            {
              "predicate": {
                "trim_type": 1.0
              },
              "model": "gm4_animi_shamir:shamir/animi/golden_chestplate_amethyst_trim"
            }
          ]
        }
      }
    ],
    "fallback": {
      "type": "minecraft:select",
      "cases": [
        {
          "model": {
            "type": "minecraft:model",
            "model": "minecraft:item/golden_chestplate_quartz_trim"
          },
          "when": "minecraft:quartz"
        },
        {
          "model": {
            "type": "minecraft:model",
            "model": "minecraft:item/golden_chestplate_iron_trim"
          },
          "when": "minecraft:iron"
        },
        {
          "model": {
            "type": "minecraft:model",
            "model": "minecraft:item/golden_chestplate_netherite_trim"
          },
          "when": "minecraft:netherite"
        },
        {
          "model": {
            "type": "minecraft:model",
            "model": "minecraft:item/golden_chestplate_redstone_trim"
          },
          "when": "minecraft:redstone"
        },
        {
          "model": {
            "type": "minecraft:model",
            "model": "minecraft:item/golden_chestplate_copper_trim"
          },
          "when": "minecraft:copper"
        },
        {
          "model": {
            "type": "minecraft:model",
            "model": "minecraft:item/golden_chestplate_gold_trim"
          },
          "when": "minecraft:gold"
        },
        {
          "model": {
            "type": "minecraft:model",
            "model": "minecraft:item/golden_chestplate_emerald_trim"
          },
          "when": "minecraft:emerald"
        },
        {
          "model": {
            "type": "minecraft:model",
            "model": "minecraft:item/golden_chestplate_diamond_trim"
          },
          "when": "minecraft:diamond"
        },
        {
          "model": {
            "type": "minecraft:model",
            "model": "minecraft:item/golden_chestplate_lapis_trim"
          },
          "when": "minecraft:lapis"
        },
        {
          "model": {
            "type": "minecraft:model",
            "model": "minecraft:item/golden_chestplate_amethyst_trim"
          },
          "when": "minecraft:amethyst"
        },
        {
          "model": {
            "type": "minecraft:model",
            "model": "minecraft:item/golden_chestplate_resin_trim"
          },
          "when": "minecraft:resin"
        }
      ],
      "fallback": {
        "type": "minecraft:model",
        "model": "minecraft:item/golden_chestplate"
      },
      "property": "minecraft:trim_material"
    }
  }
}
