{
  "model": {
    "type": "minecraft:range_dispatch",
    "property": "minecraft:custom_model_data",
    "entries": [
      {
        "threshold": 3420110,
        "model": {
          "type": "minecraft:model",
          "model": [
            {
              "model": "gm4_metallurgy:shamir/hypexperia/golden_axe"
            }
          ]
        }
      },
      {
        "threshold": 3420112,
        "model": {
          "type": "minecraft:model",
          "model": [
            {
              "model": "gm4_metallurgy:shamir/arborenda/golden_axe"
            }
          ]
        }
      },
      {
        "threshold": 3420113,
        "model": {
          "type": "minecraft:model",
          "model": [
            {
              "model": "gm4_metallurgy:shamir/moneo/golden_axe"
            }
          ]
        }
      },
      {
        "threshold": 3420117,
        "model": {
          "type": "minecraft:model",
          "model": [
            {
              "model": "gm4_percurro_shamir:shamir/percurro/golden_axe"
            }
          ]
        }
      },
      {
        "threshold": 3420120,
        "model": {
          "type": "minecraft:model",
          "model": [
            {
              "model": "gm4_audere_shamir:shamir/audere/golden_axe"
            }
          ]
        }
      },
      {
        "threshold": 3420124,
        "model": {
          "type": "minecraft:model",
          "model": [
            {
              "model": "gm4_animi_shamir:shamir/animi/golden_axe"
            }
          ]
        }
      }
    ],
    "fallback": {
      "type": "minecraft:model",
      "model": "minecraft:item/golden_axe"
    }
  }
}
