{
  "model": {
    "type": "minecraft:range_dispatch",
    "property": "minecraft:custom_model_data",
    "entries": [
      {
        "threshold": 3420010,
        "model": {
          "type": "minecraft:model",
          "model": "gm4_end_fishing:item/ores/gold_ingot_1"
        }
      },
      {
        "threshold": 3420011,
        "model": {
          "type": "minecraft:model",
          "model": "gm4_end_fishing:item/ores/gold_ingot_2"
        }
      },
      {
        "threshold": 3420012,
        "model": {
          "type": "minecraft:model",
          "model": "gm4_end_fishing:item/ores/gold_ingot_3"
        }
      },
      {
        "threshold": 3420013,
        "model": {
          "type": "minecraft:model",
          "model": "gm4_end_fishing:item/ores/gold_ingot_4"
        }
      },
      {
        "threshold": 3420014,
        "model": {
          "type": "minecraft:model",
          "model": "gm4_end_fishing:item/ores/gold_ingot_5"
        }
      },
      {
        "threshold": 3420015,
        "model": {
          "type": "minecraft:model",
          "model": "gm4_end_fishing:item/ores/gold_ingot_6"
        }
      }
    ],
    "fallback": {
      "type": "minecraft:model",
      "model": "minecraft:item/gold_ingot"
    }
  }
}
