{
  "model": {
    "type": "minecraft:range_dispatch",
    "property": "minecraft:custom_model_data",
    "entries": [
      {
        "threshold": 3420001,
        "model": {
          "type": "minecraft:model",
          "model": "gm4:gui/advancements/potion_swords"
        }
      },
      {
        "threshold": 3420002,
        "model": {
          "type": "minecraft:model",
          "model": "gm4_potion_swords:guidebook_icon/potion_swords"
        }
      },
      {
        "threshold": 3420105,
        "model": {
          "type": "minecraft:model",
          "model": [
            {
              "model": "gm4_metallurgy:shamir/ender_bolt/golden_sword"
            }
          ]
        }
      },
      {
        "threshold": 3420108,
        "model": {
          "type": "minecraft:model",
          "model": [
            {
              "model": "gm4_metallurgy:shamir/musical/golden_sword"
            }
          ]
        }
      },
      {
        "threshold": 3420110,
        "model": {
          "type": "minecraft:model",
          "model": [
            {
              "model": "gm4_metallurgy:shamir/hypexperia/golden_sword"
            }
          ]
        }
      },
      {
        "threshold": 3420111,
        "model": {
          "type": "minecraft:model",
          "model": [
            {
              "model": "gm4_metallurgy:shamir/tinker/golden_sword"
            }
          ]
        }
      },
      {
        "threshold": 3420116,
        "model": {
          "type": "minecraft:model",
          "model": [
            {
              "model": "gm4_orb_of_ankou:shamir/corripio/golden_sword"
            }
          ]
        }
      },
      {
        "threshold": 3420117,
        "model": {
          "type": "minecraft:model",
          "model": [
            {
              "model": "gm4_percurro_shamir:shamir/percurro/golden_sword"
            }
          ]
        }
      },
      {
        "threshold": 3420124,
        "model": {
          "type": "minecraft:model",
          "model": [
            {
              "model": "gm4_animi_shamir:shamir/animi/golden_sword"
            }
          ]
        }
      }
    ],
    "fallback": {
      "type": "minecraft:model",
      "model": "minecraft:item/golden_sword"
    }
  }
}
