{
  "model": {
    "type": "minecraft:range_dispatch",
    "property": "minecraft:custom_model_data",
    "entries": [
      {
        "threshold": 3420010,
        "model": {
          "type": "minecraft:model",
          "model": "gm4_end_fishing:item/swords/iron_sword_1"
        }
      },
      {
        "threshold": 3420011,
        "model": {
          "type": "minecraft:model",
          "model": "gm4_end_fishing:item/swords/iron_sword_2"
        }
      },
      {
        "threshold": 3420012,
        "model": {
          "type": "minecraft:model",
          "model": "gm4_end_fishing:item/swords/iron_sword_3"
        }
      },
      {
        "threshold": 3420013,
        "model": {
          "type": "minecraft:model",
          "model": "gm4_end_fishing:item/swords/iron_sword_4"
        }
      },
      {
        "threshold": 3420014,
        "model": {
          "type": "minecraft:model",
          "model": "gm4_end_fishing:item/swords/iron_sword_5"
        }
      },
      {
        "threshold": 3420015,
        "model": {
          "type": "minecraft:model",
          "model": "gm4_end_fishing:item/swords/iron_sword_6"
        }
      },
      {
        "threshold": 3420016,
        "model": {
          "type": "minecraft:model",
          "model": "gm4_end_fishing:item/swords/iron_sword_7"
        }
      },
      {
        "threshold": 3420017,
        "model": {
          "type": "minecraft:model",
          "model": "gm4_end_fishing:item/swords/iron_sword_8"
        }
      },
      {
        "threshold": 3420018,
        "model": {
          "type": "minecraft:model",
          "model": "gm4_end_fishing:item/swords/iron_sword_9"
        }
      },
      {
        "threshold": 3420019,
        "model": {
          "type": "minecraft:model",
          "model": "gm4_end_fishing:item/swords/iron_sword_10"
        }
      },
      {
        "threshold": 3420020,
        "model": {
          "type": "minecraft:model",
          "model": "gm4_end_fishing:item/swords/iron_sword_11"
        }
      },
      {
        "threshold": 3420021,
        "model": {
          "type": "minecraft:model",
          "model": "gm4_end_fishing:item/swords/iron_sword_12"
        }
      },
      {
        "threshold": 3420022,
        "model": {
          "type": "minecraft:model",
          "model": "gm4_end_fishing:item/swords/iron_sword_13"
        }
      },
      {
        "threshold": 3420023,
        "model": {
          "type": "minecraft:model",
          "model": "gm4_end_fishing:item/swords/iron_sword_14"
        }
      },
      {
        "threshold": 3420024,
        "model": {
          "type": "minecraft:model",
          "model": "gm4_end_fishing:item/swords/iron_sword_15"
        }
      },
      {
        "threshold": 3420025,
        "model": {
          "type": "minecraft:model",
          "model": "gm4_end_fishing:item/swords/iron_sword_16"
        }
      },
      {
        "threshold": 3420026,
        "model": {
          "type": "minecraft:model",
          "model": "gm4_end_fishing:item/swords/iron_sword_17"
        }
      },
      {
        "threshold": 3420027,
        "model": {
          "type": "minecraft:model",
          "model": "gm4_end_fishing:item/swords/iron_sword_18"
        }
      },
      {
        "threshold": 3420028,
        "model": {
          "type": "minecraft:model",
          "model": "gm4_end_fishing:item/swords/iron_sword_19"
        }
      },
      {
        "threshold": 3420029,
        "model": {
          "type": "minecraft:model",
          "model": "gm4_end_fishing:item/swords/iron_sword_20"
        }
      },
      {
        "threshold": 3420105,
        "model": {
          "type": "minecraft:model",
          "model": [
            {
              "model": "gm4_metallurgy:shamir/ender_bolt/iron_sword"
            }
          ]
        }
      },
      {
        "threshold": 3420108,
        "model": {
          "type": "minecraft:model",
          "model": [
            {
              "model": "gm4_metallurgy:shamir/musical/iron_sword"
            }
          ]
        }
      },
      {
        "threshold": 3420110,
        "model": {
          "type": "minecraft:model",
          "model": [
            {
              "model": "gm4_metallurgy:shamir/hypexperia/iron_sword"
            }
          ]
        }
      },
      {
        "threshold": 3420111,
        "model": {
          "type": "minecraft:model",
          "model": [
            {
              "model": "gm4_metallurgy:shamir/tinker/iron_sword"
            }
          ]
        }
      },
      {
        "threshold": 3420116,
        "model": {
          "type": "minecraft:model",
          "model": [
            {
              "model": "gm4_orb_of_ankou:shamir/corripio/iron_sword"
            }
          ]
        }
      },
      {
        "threshold": 3420117,
        "model": {
          "type": "minecraft:model",
          "model": [
            {
              "model": "gm4_percurro_shamir:shamir/percurro/iron_sword"
            }
          ]
        }
      },
      {
        "threshold": 3420124,
        "model": {
          "type": "minecraft:model",
          "model": [
            {
              "model": "gm4_animi_shamir:shamir/animi/iron_sword"
            }
          ]
        }
      }
    ],
    "fallback": {
      "type": "minecraft:model",
      "model": "minecraft:item/iron_sword"
    }
  }
}
