{
  "model": {
    "type": "minecraft:range_dispatch",
    "property": "minecraft:custom_model_data",
    "entries": [
      {
        "threshold": 3420001,
        "model": {
          "type": "minecraft:model",
          "model": "gm4_pig_tractors:guidebook_icon/pig_tractors"
        }
      },
      {
        "threshold": 3420109,
        "model": {
          "type": "minecraft:model",
          "model": [
            {
              "model": "gm4_metallurgy:shamir/gemini/iron_hoe"
            }
          ]
        }
      },
      {
        "threshold": 3420111,
        "model": {
          "type": "minecraft:model",
          "model": [
            {
              "model": "gm4_metallurgy:shamir/tinker/iron_hoe"
            }
          ]
        }
      },
      {
        "threshold": 3420113,
        "model": {
          "type": "minecraft:model",
          "model": [
            {
              "model": "gm4_metallurgy:shamir/moneo/iron_hoe"
            }
          ]
        }
      },
      {
        "threshold": 3420120,
        "model": {
          "type": "minecraft:model",
          "model": [
            {
              "model": "gm4_audere_shamir:shamir/audere/iron_hoe"
            }
          ]
        }
      },
      {
        "threshold": 3420124,
        "model": {
          "type": "minecraft:model",
          "model": [
            {
              "model": "gm4_animi_shamir:shamir/animi/iron_hoe"
            }
          ]
        }
      }
    ],
    "fallback": {
      "type": "minecraft:model",
      "model": "minecraft:item/iron_hoe"
    }
  }
}
