{
  "model": {
    "type": "minecraft:range_dispatch",
    "property": "minecraft:custom_model_data",
    "entries": [
      {
        "threshold": 3420001,
        "model": {
          "type": "minecraft:model",
          "model": "gm4_boots_of_ostara:item/boots_of_ostara"
        }
      },
      {
        "threshold": 3420002,
        "model": {
          "type": "minecraft:model",
          "model": "gm4_scuba_gear:item/flippers"
        }
      },
      {
        "threshold": 3420003,
        "model": {
          "type": "minecraft:model",
          "model": "gm4:gui/advancements/boots_of_ostara"
        }
      },
      {
        "threshold": 3420004,
        "model": {
          "type": "minecraft:model",
          "model": "gm4_boots_of_ostara:item/flippers_of_ostara"
        }
      },
      {
        "threshold": 3420005,
        "model": {
          "type": "minecraft:model",
          "model": "gm4_boots_of_ostara:guidebook_icon/boots_of_ostara"
        }
      },
      {
        "threshold": 3420103,
        "model": {
          "type": "minecraft:model",
          "model": [
            {
              "model": "gm4_weighted_armour:shamir/helious/leather_boots"
            },
            {
              "predicate": {
                "trim_type": 0.1
              },
              "model": "gm4_weighted_armour:shamir/helious/leather_boots_quartz_trim"
            },
            {
              "predicate": {
                "trim_type": 0.2
              },
              "model": "gm4_weighted_armour:shamir/helious/leather_boots_iron_trim"
            },
            {
              "predicate": {
                "trim_type": 0.3
              },
              "model": "gm4_weighted_armour:shamir/helious/leather_boots_netherite_trim"
            },
            {
              "predicate": {
                "trim_type": 0.4
              },
              "model": "gm4_weighted_armour:shamir/helious/leather_boots_redstone_trim"
            },
            {
              "predicate": {
                "trim_type": 0.5
              },
              "model": "gm4_weighted_armour:shamir/helious/leather_boots_copper_trim"
            },
            {
              "predicate": {
                "trim_type": 0.6
              },
              "model": "gm4_weighted_armour:shamir/helious/leather_boots_gold_trim"
            },
            {
              "predicate": {
                "trim_type": 0.7
              },
              "model": "gm4_weighted_armour:shamir/helious/leather_boots_emerald_trim"
            },
            {
              "predicate": {
                "trim_type": 0.8
              },
              "model": "gm4_weighted_armour:shamir/helious/leather_boots_diamond_trim"
            },
            {
              "predicate": {
                "trim_type": 0.9
              },
              "model": "gm4_weighted_armour:shamir/helious/leather_boots_lapis_trim"
            },
            {
              "predicate": {
                "trim_type": 1.0
              },
              "model": "gm4_weighted_armour:shamir/helious/leather_boots_amethyst_trim"
            }
          ]
        }
      },
      {
        "threshold": 3420106,
        "model": {
          "type": "minecraft:model",
          "model": [
            {
              "model": "gm4_metallurgy:shamir/defuse/leather_boots"
            },
            {
              "predicate": {
                "trim_type": 0.1
              },
              "model": "gm4_metallurgy:shamir/defuse/leather_boots_quartz_trim"
            },
            {
              "predicate": {
                "trim_type": 0.2
              },
              "model": "gm4_metallurgy:shamir/defuse/leather_boots_iron_trim"
            },
            {
              "predicate": {
                "trim_type": 0.3
              },
              "model": "gm4_metallurgy:shamir/defuse/leather_boots_netherite_trim"
            },
            {
              "predicate": {
                "trim_type": 0.4
              },
              "model": "gm4_metallurgy:shamir/defuse/leather_boots_redstone_trim"
            },
            {
              "predicate": {
                "trim_type": 0.5
              },
              "model": "gm4_metallurgy:shamir/defuse/leather_boots_copper_trim"
            },
            {
              "predicate": {
                "trim_type": 0.6
              },
              "model": "gm4_metallurgy:shamir/defuse/leather_boots_gold_trim"
            },
            {
              "predicate": {
                "trim_type": 0.7
              },
              "model": "gm4_metallurgy:shamir/defuse/leather_boots_emerald_trim"
            },
            {
              "predicate": {
                "trim_type": 0.8
              },
              "model": "gm4_metallurgy:shamir/defuse/leather_boots_diamond_trim"
            },
            {
              "predicate": {
                "trim_type": 0.9
              },
              "model": "gm4_metallurgy:shamir/defuse/leather_boots_lapis_trim"
            },
            {
              "predicate": {
                "trim_type": 1.0
              },
              "model": "gm4_metallurgy:shamir/defuse/leather_boots_amethyst_trim"
            }
          ]
        }
      },
      {
        "threshold": 3420118,
        "model": {
          "type": "minecraft:model",
          "model": [
            {
              "model": "gm4_desire_lines:shamir/celaro/leather_boots"
            },
            {
              "predicate": {
                "trim_type": 0.1
              },
              "model": "gm4_desire_lines:shamir/celaro/leather_boots_quartz_trim"
            },
            {
              "predicate": {
                "trim_type": 0.2
              },
              "model": "gm4_desire_lines:shamir/celaro/leather_boots_iron_trim"
            },
            {
              "predicate": {
                "trim_type": 0.3
              },
              "model": "gm4_desire_lines:shamir/celaro/leather_boots_netherite_trim"
            },
            {
              "predicate": {
                "trim_type": 0.4
              },
              "model": "gm4_desire_lines:shamir/celaro/leather_boots_redstone_trim"
            },
            {
              "predicate": {
                "trim_type": 0.5
              },
              "model": "gm4_desire_lines:shamir/celaro/leather_boots_copper_trim"
            },
            {
              "predicate": {
                "trim_type": 0.6
              },
              "model": "gm4_desire_lines:shamir/celaro/leather_boots_gold_trim"
            },
            {
              "predicate": {
                "trim_type": 0.7
              },
              "model": "gm4_desire_lines:shamir/celaro/leather_boots_emerald_trim"
            },
            {
              "predicate": {
                "trim_type": 0.8
              },
              "model": "gm4_desire_lines:shamir/celaro/leather_boots_diamond_trim"
            },
            {
              "predicate": {
                "trim_type": 0.9
              },
              "model": "gm4_desire_lines:shamir/celaro/leather_boots_lapis_trim"
            },
            {
              "predicate": {
                "trim_type": 1.0
              },
              "model": "gm4_desire_lines:shamir/celaro/leather_boots_amethyst_trim"
            }
          ]
        }
      },
      {
        "threshold": 3420121,
        "model": {
          "type": "minecraft:model",
          "model": [
            {
              "model": "gm4_vecto_shamir:shamir/vecto/leather_boots"
            },
            {
              "predicate": {
                "trim_type": 0.1
              },
              "model": "gm4_vecto_shamir:shamir/vecto/leather_boots_quartz_trim"
            },
            {
              "predicate": {
                "trim_type": 0.2
              },
              "model": "gm4_vecto_shamir:shamir/vecto/leather_boots_iron_trim"
            },
            {
              "predicate": {
                "trim_type": 0.3
              },
              "model": "gm4_vecto_shamir:shamir/vecto/leather_boots_netherite_trim"
            },
            {
              "predicate": {
                "trim_type": 0.4
              },
              "model": "gm4_vecto_shamir:shamir/vecto/leather_boots_redstone_trim"
            },
            {
              "predicate": {
                "trim_type": 0.5
              },
              "model": "gm4_vecto_shamir:shamir/vecto/leather_boots_copper_trim"
            },
            {
              "predicate": {
                "trim_type": 0.6
              },
              "model": "gm4_vecto_shamir:shamir/vecto/leather_boots_gold_trim"
            },
            {
              "predicate": {
                "trim_type": 0.7
              },
              "model": "gm4_vecto_shamir:shamir/vecto/leather_boots_emerald_trim"
            },
            {
              "predicate": {
                "trim_type": 0.8
              },
              "model": "gm4_vecto_shamir:shamir/vecto/leather_boots_diamond_trim"
            },
            {
              "predicate": {
                "trim_type": 0.9
              },
              "model": "gm4_vecto_shamir:shamir/vecto/leather_boots_lapis_trim"
            },
            {
              "predicate": {
                "trim_type": 1.0
              },
              "model": "gm4_vecto_shamir:shamir/vecto/leather_boots_amethyst_trim"
            }
          ]
        }
      },
      {
        "threshold": 3420123,
        "model": {
          "type": "minecraft:model",
          "model": [
            {
              "model": "gm4_metallurgy:shamir/vibro/leather_boots"
            },
            {
              "predicate": {
                "trim_type": 0.1
              },
              "model": "gm4_metallurgy:shamir/vibro/leather_boots_quartz_trim"
            },
            {
              "predicate": {
                "trim_type": 0.2
              },
              "model": "gm4_metallurgy:shamir/vibro/leather_boots_iron_trim"
            },
            {
              "predicate": {
                "trim_type": 0.3
              },
              "model": "gm4_metallurgy:shamir/vibro/leather_boots_netherite_trim"
            },
            {
              "predicate": {
                "trim_type": 0.4
              },
              "model": "gm4_metallurgy:shamir/vibro/leather_boots_redstone_trim"
            },
            {
              "predicate": {
                "trim_type": 0.5
              },
              "model": "gm4_metallurgy:shamir/vibro/leather_boots_copper_trim"
            },
            {
              "predicate": {
                "trim_type": 0.6
              },
              "model": "gm4_metallurgy:shamir/vibro/leather_boots_gold_trim"
            },
            {
              "predicate": {
                "trim_type": 0.7
              },
              "model": "gm4_metallurgy:shamir/vibro/leather_boots_emerald_trim"
            },
            {
              "predicate": {
                "trim_type": 0.8
              },
              "model": "gm4_metallurgy:shamir/vibro/leather_boots_diamond_trim"
            },
            {
              "predicate": {
                "trim_type": 0.9
              },
              "model": "gm4_metallurgy:shamir/vibro/leather_boots_lapis_trim"
            },
            {
              "predicate": {
                "trim_type": 1.0
              },
              "model": "gm4_metallurgy:shamir/vibro/leather_boots_amethyst_trim"
            }
          ]
        }
      },
      {
        "threshold": 3420124,
        "model": {
          "type": "minecraft:model",
          "model": [
            {
              "model": "gm4_animi_shamir:shamir/animi/leather_boots"
            },
            {
              "predicate": {
                "trim_type": 0.1
              },
              "model": "gm4_animi_shamir:shamir/animi/leather_boots_quartz_trim"
            },
            {
              "predicate": {
                "trim_type": 0.2
              },
              "model": "gm4_animi_shamir:shamir/animi/leather_boots_iron_trim"
            },
            {
              "predicate": {
                "trim_type": 0.3
              },
              "model": "gm4_animi_shamir:shamir/animi/leather_boots_netherite_trim"
            },
            {
              "predicate": {
                "trim_type": 0.4
              },
              "model": "gm4_animi_shamir:shamir/animi/leather_boots_redstone_trim"
            },
            {
              "predicate": {
                "trim_type": 0.5
              },
              "model": "gm4_animi_shamir:shamir/animi/leather_boots_copper_trim"
            },
            {
              "predicate": {
                "trim_type": 0.6
              },
              "model": "gm4_animi_shamir:shamir/animi/leather_boots_gold_trim"
            },
            {
              "predicate": {
                "trim_type": 0.7
              },
              "model": "gm4_animi_shamir:shamir/animi/leather_boots_emerald_trim"
            },
            {
              "predicate": {
                "trim_type": 0.8
              },
              "model": "gm4_animi_shamir:shamir/animi/leather_boots_diamond_trim"
            },
            {
              "predicate": {
                "trim_type": 0.9
              },
              "model": "gm4_animi_shamir:shamir/animi/leather_boots_lapis_trim"
            },
            {
              "predicate": {
                "trim_type": 1.0
              },
              "model": "gm4_animi_shamir:shamir/animi/leather_boots_amethyst_trim"
            }
          ]
        }
      }
    ],
    "fallback": {
      "type": "minecraft:select",
      "cases": [
        {
          "model": {
            "type": "minecraft:model",
            "model": "minecraft:item/leather_boots_quartz_trim",
            "tints": [
              {
                "type": "minecraft:dye",
                "default": -6265536
              }
            ]
          },
          "when": "minecraft:quartz"
        },
        {
          "model": {
            "type": "minecraft:model",
            "model": "minecraft:item/leather_boots_iron_trim",
            "tints": [
              {
                "type": "minecraft:dye",
                "default": -6265536
              }
            ]
          },
          "when": "minecraft:iron"
        },
        {
          "model": {
            "type": "minecraft:model",
            "model": "minecraft:item/leather_boots_netherite_trim",
            "tints": [
              {
                "type": "minecraft:dye",
                "default": -6265536
              }
            ]
          },
          "when": "minecraft:netherite"
        },
        {
          "model": {
            "type": "minecraft:model",
            "model": "minecraft:item/leather_boots_redstone_trim",
            "tints": [
              {
                "type": "minecraft:dye",
                "default": -6265536
              }
            ]
          },
          "when": "minecraft:redstone"
        },
        {
          "model": {
            "type": "minecraft:model",
            "model": "minecraft:item/leather_boots_copper_trim",
            "tints": [
              {
                "type": "minecraft:dye",
                "default": -6265536
              }
            ]
          },
          "when": "minecraft:copper"
        },
        {
          "model": {
            "type": "minecraft:model",
            "model": "minecraft:item/leather_boots_gold_trim",
            "tints": [
              {
                "type": "minecraft:dye",
                "default": -6265536
              }
            ]
          },
          "when": "minecraft:gold"
        },
        {
          "model": {
            "type": "minecraft:model",
            "model": "minecraft:item/leather_boots_emerald_trim",
            "tints": [
              {
                "type": "minecraft:dye",
                "default": -6265536
              }
            ]
          },
          "when": "minecraft:emerald"
        },
        {
          "model": {
            "type": "minecraft:model",
            "model": "minecraft:item/leather_boots_diamond_trim",
            "tints": [
              {
                "type": "minecraft:dye",
                "default": -6265536
              }
            ]
          },
          "when": "minecraft:diamond"
        },
        {
          "model": {
            "type": "minecraft:model",
            "model": "minecraft:item/leather_boots_lapis_trim",
            "tints": [
              {
                "type": "minecraft:dye",
                "default": -6265536
              }
            ]
          },
          "when": "minecraft:lapis"
        },
        {
          "model": {
            "type": "minecraft:model",
            "model": "minecraft:item/leather_boots_amethyst_trim",
            "tints": [
              {
                "type": "minecraft:dye",
                "default": -6265536
              }
            ]
          },
          "when": "minecraft:amethyst"
        },
        {
          "model": {
            "type": "minecraft:model",
            "model": "minecraft:item/leather_boots_resin_trim",
            "tints": [
              {
                "type": "minecraft:dye",
                "default": -6265536
              }
            ]
          },
          "when": "minecraft:resin"
        }
      ],
      "fallback": {
        "type": "minecraft:model",
        "model": "minecraft:item/leather_boots",
        "tints": [
          {
            "type": "minecraft:dye",
            "default": -6265536
          }
        ]
      },
      "property": "minecraft:trim_material"
    }
  }
}
