{
  "model": {
    "type": "minecraft:range_dispatch",
    "property": "minecraft:custom_model_data",
    "entries": [
      {
        "threshold": 3420001,
        "model": {
          "type": "minecraft:model",
          "model": "gm4_cement_mixers:guidebook_icon/cement_mixers"
        }
      },
      {
        "threshold": 3420300,
        "model": {
          "type": "minecraft:model",
          "model": "gm4_zauber_cauldrons:block/liquid_magicol/light_blue"
        }
      }
    ],
    "fallback": {
      "type": "minecraft:model",
      "model": "minecraft:block/light_blue_concrete_powder"
    }
  }
}
