{
  "model": {
    "type": "minecraft:range_dispatch",
    "property": "minecraft:custom_model_data",
    "entries": [
      {
        "threshold": 3420001,
        "model": {
          "type": "minecraft:model",
          "model": "gm4_midnight_menaces:guidebook_icon/illusioner_nights"
        }
      },
      {
        "threshold": 3420004,
        "model": {
          "type": "minecraft:model",
          "model": "gm4_lightning_in_a_bottle:item/lingering_lightning_in_a_bottle"
        }
      },
      {
        "threshold": 3420300,
        "model": {
          "type": "minecraft:model",
          "model": "gm4_zauber_cauldrons:item/bottled_magicol/polar_lingering_potion"
        }
      },
      {
        "threshold": 3420301,
        "model": {
          "type": "minecraft:model",
          "model": "gm4_zauber_cauldrons:item/bottled_magicol/temperate_lingering_potion"
        }
      },
      {
        "threshold": 3420302,
        "model": {
          "type": "minecraft:model",
          "model": "gm4_zauber_cauldrons:item/bottled_magicol/arid_lingering_potion"
        }
      },
      {
        "threshold": 3420303,
        "model": {
          "type": "minecraft:model",
          "model": "gm4_zauber_cauldrons:item/bottled_magicol_soulution/polar_lingering_potion"
        }
      },
      {
        "threshold": 3420304,
        "model": {
          "type": "minecraft:model",
          "model": "gm4_zauber_cauldrons:item/bottled_magicol_soulution/temperate_lingering_potion"
        }
      },
      {
        "threshold": 3420305,
        "model": {
          "type": "minecraft:model",
          "model": "gm4_zauber_cauldrons:item/bottled_magicol_soulution/arid_lingering_potion"
        }
      },
      {
        "threshold": 3420306,
        "model": {
          "type": "minecraft:model",
          "model": "gm4_zauber_cauldrons:item/soulution_potion/instant_damage_lingering_potion"
        }
      },
      {
        "threshold": 3420307,
        "model": {
          "type": "minecraft:model",
          "model": "gm4_zauber_cauldrons:item/soulution_potion/instant_health_lingering_potion"
        }
      },
      {
        "threshold": 3420308,
        "model": {
          "type": "minecraft:model",
          "model": "gm4_zauber_cauldrons:item/soulution_potion/jump_boost_lingering_potion"
        }
      },
      {
        "threshold": 3420309,
        "model": {
          "type": "minecraft:model",
          "model": "gm4_zauber_cauldrons:item/soulution_potion/poison_lingering_potion"
        }
      },
      {
        "threshold": 3420310,
        "model": {
          "type": "minecraft:model",
          "model": "gm4_zauber_cauldrons:item/soulution_potion/regeneration_lingering_potion"
        }
      },
      {
        "threshold": 3420311,
        "model": {
          "type": "minecraft:model",
          "model": "gm4_zauber_cauldrons:item/soulution_potion/speed_lingering_potion"
        }
      },
      {
        "threshold": 3420312,
        "model": {
          "type": "minecraft:model",
          "model": "gm4_zauber_cauldrons:item/soulution_potion/strength_lingering_potion"
        }
      }
    ],
    "fallback": {
      "type": "minecraft:model",
      "model": "minecraft:item/lingering_potion",
      "tints": [
        {
          "type": "minecraft:potion",
          "default": -13083194
        }
      ]
    }
  }
}
