{
  "model": {
    "type": "minecraft:range_dispatch",
    "property": "minecraft:custom_model_data",
    "entries": [
      {
        "threshold": 3420010,
        "model": {
          "type": "minecraft:model",
          "model": "gm4_end_fishing:item/armor/netherite_helmet_1"
        }
      },
      {
        "threshold": 3420011,
        "model": {
          "type": "minecraft:model",
          "model": "gm4_end_fishing:item/armor/netherite_helmet_2"
        }
      },
      {
        "threshold": 3420012,
        "model": {
          "type": "minecraft:model",
          "model": "gm4_end_fishing:item/armor/netherite_helmet_3"
        }
      },
      {
        "threshold": 3420013,
        "model": {
          "type": "minecraft:model",
          "model": "gm4_end_fishing:item/armor/netherite_helmet_4"
        }
      },
      {
        "threshold": 3420014,
        "model": {
          "type": "minecraft:model",
          "model": "gm4_end_fishing:item/armor/netherite_helmet_5"
        }
      },
      {
        "threshold": 3420015,
        "model": {
          "type": "minecraft:model",
          "model": "gm4_end_fishing:item/armor/netherite_helmet_6"
        }
      },
      {
        "threshold": 3420016,
        "model": {
          "type": "minecraft:model",
          "model": "gm4_end_fishing:item/armor/netherite_helmet_7"
        }
      },
      {
        "threshold": 3420017,
        "model": {
          "type": "minecraft:model",
          "model": "gm4_end_fishing:item/armor/netherite_helmet_8"
        }
      },
      {
        "threshold": 3420018,
        "model": {
          "type": "minecraft:model",
          "model": "gm4_end_fishing:item/armor/netherite_helmet_9"
        }
      },
      {
        "threshold": 3420019,
        "model": {
          "type": "minecraft:model",
          "model": "gm4_end_fishing:item/armor/netherite_helmet_10"
        }
      },
      {
        "threshold": 3420103,
        "model": {
          "type": "minecraft:model",
          "model": [
            {
              "model": "gm4_weighted_armour:shamir/helious/netherite_helmet"
            },
            {
              "predicate": {
                "trim_type": 0.1
              },
              "model": "gm4_weighted_armour:shamir/helious/netherite_helmet_quartz_trim"
            },
            {
              "predicate": {
                "trim_type": 0.2
              },
              "model": "gm4_weighted_armour:shamir/helious/netherite_helmet_iron_trim"
            },
            {
              "predicate": {
                "trim_type": 0.3
              },
              "model": "gm4_weighted_armour:shamir/helious/netherite_helmet_netherite_darker_trim"
            },
            {
              "predicate": {
                "trim_type": 0.4
              },
              "model": "gm4_weighted_armour:shamir/helious/netherite_helmet_redstone_trim"
            },
            {
              "predicate": {
                "trim_type": 0.5
              },
              "model": "gm4_weighted_armour:shamir/helious/netherite_helmet_copper_trim"
            },
            {
              "predicate": {
                "trim_type": 0.6
              },
              "model": "gm4_weighted_armour:shamir/helious/netherite_helmet_gold_trim"
            },
            {
              "predicate": {
                "trim_type": 0.7
              },
              "model": "gm4_weighted_armour:shamir/helious/netherite_helmet_emerald_trim"
            },
            {
              "predicate": {
                "trim_type": 0.8
              },
              "model": "gm4_weighted_armour:shamir/helious/netherite_helmet_diamond_trim"
            },
            {
              "predicate": {
                "trim_type": 0.9
              },
              "model": "gm4_weighted_armour:shamir/helious/netherite_helmet_lapis_trim"
            },
            {
              "predicate": {
                "trim_type": 1.0
              },
              "model": "gm4_weighted_armour:shamir/helious/netherite_helmet_amethyst_trim"
            }
          ]
        }
      },
      {
        "threshold": 3420106,
        "model": {
          "type": "minecraft:model",
          "model": [
            {
              "model": "gm4_metallurgy:shamir/defuse/netherite_helmet"
            },
            {
              "predicate": {
                "trim_type": 0.1
              },
              "model": "gm4_metallurgy:shamir/defuse/netherite_helmet_quartz_trim"
            },
            {
              "predicate": {
                "trim_type": 0.2
              },
              "model": "gm4_metallurgy:shamir/defuse/netherite_helmet_iron_trim"
            },
            {
              "predicate": {
                "trim_type": 0.3
              },
              "model": "gm4_metallurgy:shamir/defuse/netherite_helmet_netherite_darker_trim"
            },
            {
              "predicate": {
                "trim_type": 0.4
              },
              "model": "gm4_metallurgy:shamir/defuse/netherite_helmet_redstone_trim"
            },
            {
              "predicate": {
                "trim_type": 0.5
              },
              "model": "gm4_metallurgy:shamir/defuse/netherite_helmet_copper_trim"
            },
            {
              "predicate": {
                "trim_type": 0.6
              },
              "model": "gm4_metallurgy:shamir/defuse/netherite_helmet_gold_trim"
            },
            {
              "predicate": {
                "trim_type": 0.7
              },
              "model": "gm4_metallurgy:shamir/defuse/netherite_helmet_emerald_trim"
            },
            {
              "predicate": {
                "trim_type": 0.8
              },
              "model": "gm4_metallurgy:shamir/defuse/netherite_helmet_diamond_trim"
            },
            {
              "predicate": {
                "trim_type": 0.9
              },
              "model": "gm4_metallurgy:shamir/defuse/netherite_helmet_lapis_trim"
            },
            {
              "predicate": {
                "trim_type": 1.0
              },
              "model": "gm4_metallurgy:shamir/defuse/netherite_helmet_amethyst_trim"
            }
          ]
        }
      },
      {
        "threshold": 3420124,
        "model": {
          "type": "minecraft:model",
          "model": [
            {
              "model": "gm4_animi_shamir:shamir/animi/netherite_helmet"
            },
            {
              "predicate": {
                "trim_type": 0.1
              },
              "model": "gm4_animi_shamir:shamir/animi/netherite_helmet_quartz_trim"
            },
            {
              "predicate": {
                "trim_type": 0.2
              },
              "model": "gm4_animi_shamir:shamir/animi/netherite_helmet_iron_trim"
            },
            {
              "predicate": {
                "trim_type": 0.3
              },
              "model": "gm4_animi_shamir:shamir/animi/netherite_helmet_netherite_darker_trim"
            },
            {
              "predicate": {
                "trim_type": 0.4
              },
              "model": "gm4_animi_shamir:shamir/animi/netherite_helmet_redstone_trim"
            },
            {
              "predicate": {
                "trim_type": 0.5
              },
              "model": "gm4_animi_shamir:shamir/animi/netherite_helmet_copper_trim"
            },
            {
              "predicate": {
                "trim_type": 0.6
              },
              "model": "gm4_animi_shamir:shamir/animi/netherite_helmet_gold_trim"
            },
            {
              "predicate": {
                "trim_type": 0.7
              },
              "model": "gm4_animi_shamir:shamir/animi/netherite_helmet_emerald_trim"
            },
            {
              "predicate": {
                "trim_type": 0.8
              },
              "model": "gm4_animi_shamir:shamir/animi/netherite_helmet_diamond_trim"
            },
            {
              "predicate": {
                "trim_type": 0.9
              },
              "model": "gm4_animi_shamir:shamir/animi/netherite_helmet_lapis_trim"
            },
            {
              "predicate": {
                "trim_type": 1.0
              },
              "model": "gm4_animi_shamir:shamir/animi/netherite_helmet_amethyst_trim"
            }
          ]
        }
      }
    ],
    "fallback": {
      "type": "minecraft:select",
      "cases": [
        {
          "model": {
            "type": "minecraft:model",
            "model": "minecraft:item/netherite_helmet_quartz_trim"
          },
          "when": "minecraft:quartz"
        },
        {
          "model": {
            "type": "minecraft:model",
            "model": "minecraft:item/netherite_helmet_iron_trim"
          },
          "when": "minecraft:iron"
        },
        {
          "model": {
            "type": "minecraft:model",
            "model": "minecraft:item/netherite_helmet_netherite_trim"
          },
          "when": "minecraft:netherite"
        },
        {
          "model": {
            "type": "minecraft:model",
            "model": "minecraft:item/netherite_helmet_redstone_trim"
          },
          "when": "minecraft:redstone"
        },
        {
          "model": {
            "type": "minecraft:model",
            "model": "minecraft:item/netherite_helmet_copper_trim"
          },
          "when": "minecraft:copper"
        },
        {
          "model": {
            "type": "minecraft:model",
            "model": "minecraft:item/netherite_helmet_gold_trim"
          },
          "when": "minecraft:gold"
        },
        {
          "model": {
            "type": "minecraft:model",
            "model": "minecraft:item/netherite_helmet_emerald_trim"
          },
          "when": "minecraft:emerald"
        },
        {
          "model": {
            "type": "minecraft:model",
            "model": "minecraft:item/netherite_helmet_diamond_trim"
          },
          "when": "minecraft:diamond"
        },
        {
          "model": {
            "type": "minecraft:model",
            "model": "minecraft:item/netherite_helmet_lapis_trim"
          },
          "when": "minecraft:lapis"
        },
        {
          "model": {
            "type": "minecraft:model",
            "model": "minecraft:item/netherite_helmet_amethyst_trim"
          },
          "when": "minecraft:amethyst"
        },
        {
          "model": {
            "type": "minecraft:model",
            "model": "minecraft:item/netherite_helmet_resin_trim"
          },
          "when": "minecraft:resin"
        }
      ],
      "fallback": {
        "type": "minecraft:model",
        "model": "minecraft:item/netherite_helmet"
      },
      "property": "minecraft:trim_material"
    }
  }
}
