{
  "model": {
    "type": "minecraft:range_dispatch",
    "property": "minecraft:custom_model_data",
    "entries": [
      {
        "threshold": 3420010,
        "model": {
          "type": "minecraft:model",
          "model": "gm4_end_fishing:item/armor/netherite_boots_1"
        }
      },
      {
        "threshold": 3420011,
        "model": {
          "type": "minecraft:model",
          "model": "gm4_end_fishing:item/armor/netherite_boots_2"
        }
      },
      {
        "threshold": 3420012,
        "model": {
          "type": "minecraft:model",
          "model": "gm4_end_fishing:item/armor/netherite_boots_3"
        }
      },
      {
        "threshold": 3420013,
        "model": {
          "type": "minecraft:model",
          "model": "gm4_end_fishing:item/armor/netherite_boots_4"
        }
      },
      {
        "threshold": 3420014,
        "model": {
          "type": "minecraft:model",
          "model": "gm4_end_fishing:item/armor/netherite_boots_5"
        }
      },
      {
        "threshold": 3420015,
        "model": {
          "type": "minecraft:model",
          "model": "gm4_end_fishing:item/armor/netherite_boots_6"
        }
      },
      {
        "threshold": 3420016,
        "model": {
          "type": "minecraft:model",
          "model": "gm4_end_fishing:item/armor/netherite_boots_7"
        }
      },
      {
        "threshold": 3420017,
        "model": {
          "type": "minecraft:model",
          "model": "gm4_end_fishing:item/armor/netherite_boots_8"
        }
      },
      {
        "threshold": 3420018,
        "model": {
          "type": "minecraft:model",
          "model": "gm4_end_fishing:item/armor/netherite_boots_9"
        }
      },
      {
        "threshold": 3420019,
        "model": {
          "type": "minecraft:model",
          "model": "gm4_end_fishing:item/armor/netherite_boots_10"
        }
      },
      {
        "threshold": 3420103,
        "model": {
          "type": "minecraft:model",
          "model": [
            {
              "model": "gm4_weighted_armour:shamir/helious/netherite_boots"
            },
            {
              "predicate": {
                "trim_type": 0.1
              },
              "model": "gm4_weighted_armour:shamir/helious/netherite_boots_quartz_trim"
            },
            {
              "predicate": {
                "trim_type": 0.2
              },
              "model": "gm4_weighted_armour:shamir/helious/netherite_boots_iron_trim"
            },
            {
              "predicate": {
                "trim_type": 0.3
              },
              "model": "gm4_weighted_armour:shamir/helious/netherite_boots_netherite_darker_trim"
            },
            {
              "predicate": {
                "trim_type": 0.4
              },
              "model": "gm4_weighted_armour:shamir/helious/netherite_boots_redstone_trim"
            },
            {
              "predicate": {
                "trim_type": 0.5
              },
              "model": "gm4_weighted_armour:shamir/helious/netherite_boots_copper_trim"
            },
            {
              "predicate": {
                "trim_type": 0.6
              },
              "model": "gm4_weighted_armour:shamir/helious/netherite_boots_gold_trim"
            },
            {
              "predicate": {
                "trim_type": 0.7
              },
              "model": "gm4_weighted_armour:shamir/helious/netherite_boots_emerald_trim"
            },
            {
              "predicate": {
                "trim_type": 0.8
              },
              "model": "gm4_weighted_armour:shamir/helious/netherite_boots_diamond_trim"
            },
            {
              "predicate": {
                "trim_type": 0.9
              },
              "model": "gm4_weighted_armour:shamir/helious/netherite_boots_lapis_trim"
            },
            {
              "predicate": {
                "trim_type": 1.0
              },
              "model": "gm4_weighted_armour:shamir/helious/netherite_boots_amethyst_trim"
            }
          ]
        }
      },
      {
        "threshold": 3420106,
        "model": {
          "type": "minecraft:model",
          "model": [
            {
              "model": "gm4_metallurgy:shamir/defuse/netherite_boots"
            },
            {
              "predicate": {
                "trim_type": 0.1
              },
              "model": "gm4_metallurgy:shamir/defuse/netherite_boots_quartz_trim"
            },
            {
              "predicate": {
                "trim_type": 0.2
              },
              "model": "gm4_metallurgy:shamir/defuse/netherite_boots_iron_trim"
            },
            {
              "predicate": {
                "trim_type": 0.3
              },
              "model": "gm4_metallurgy:shamir/defuse/netherite_boots_netherite_darker_trim"
            },
            {
              "predicate": {
                "trim_type": 0.4
              },
              "model": "gm4_metallurgy:shamir/defuse/netherite_boots_redstone_trim"
            },
            {
              "predicate": {
                "trim_type": 0.5
              },
              "model": "gm4_metallurgy:shamir/defuse/netherite_boots_copper_trim"
            },
            {
              "predicate": {
                "trim_type": 0.6
              },
              "model": "gm4_metallurgy:shamir/defuse/netherite_boots_gold_trim"
            },
            {
              "predicate": {
                "trim_type": 0.7
              },
              "model": "gm4_metallurgy:shamir/defuse/netherite_boots_emerald_trim"
            },
            {
              "predicate": {
                "trim_type": 0.8
              },
              "model": "gm4_metallurgy:shamir/defuse/netherite_boots_diamond_trim"
            },
            {
              "predicate": {
                "trim_type": 0.9
              },
              "model": "gm4_metallurgy:shamir/defuse/netherite_boots_lapis_trim"
            },
            {
              "predicate": {
                "trim_type": 1.0
              },
              "model": "gm4_metallurgy:shamir/defuse/netherite_boots_amethyst_trim"
            }
          ]
        }
      },
      {
        "threshold": 3420118,
        "model": {
          "type": "minecraft:model",
          "model": [
            {
              "model": "gm4_desire_lines:shamir/celaro/netherite_boots"
            },
            {
              "predicate": {
                "trim_type": 0.1
              },
              "model": "gm4_desire_lines:shamir/celaro/netherite_boots_quartz_trim"
            },
            {
              "predicate": {
                "trim_type": 0.2
              },
              "model": "gm4_desire_lines:shamir/celaro/netherite_boots_iron_trim"
            },
            {
              "predicate": {
                "trim_type": 0.3
              },
              "model": "gm4_desire_lines:shamir/celaro/netherite_boots_netherite_darker_trim"
            },
            {
              "predicate": {
                "trim_type": 0.4
              },
              "model": "gm4_desire_lines:shamir/celaro/netherite_boots_redstone_trim"
            },
            {
              "predicate": {
                "trim_type": 0.5
              },
              "model": "gm4_desire_lines:shamir/celaro/netherite_boots_copper_trim"
            },
            {
              "predicate": {
                "trim_type": 0.6
              },
              "model": "gm4_desire_lines:shamir/celaro/netherite_boots_gold_trim"
            },
            {
              "predicate": {
                "trim_type": 0.7
              },
              "model": "gm4_desire_lines:shamir/celaro/netherite_boots_emerald_trim"
            },
            {
              "predicate": {
                "trim_type": 0.8
              },
              "model": "gm4_desire_lines:shamir/celaro/netherite_boots_diamond_trim"
            },
            {
              "predicate": {
                "trim_type": 0.9
              },
              "model": "gm4_desire_lines:shamir/celaro/netherite_boots_lapis_trim"
            },
            {
              "predicate": {
                "trim_type": 1.0
              },
              "model": "gm4_desire_lines:shamir/celaro/netherite_boots_amethyst_trim"
            }
          ]
        }
      },
      {
        "threshold": 3420121,
        "model": {
          "type": "minecraft:model",
          "model": [
            {
              "model": "gm4_vecto_shamir:shamir/vecto/netherite_boots"
            },
            {
              "predicate": {
                "trim_type": 0.1
              },
              "model": "gm4_vecto_shamir:shamir/vecto/netherite_boots_quartz_trim"
            },
            {
              "predicate": {
                "trim_type": 0.2
              },
              "model": "gm4_vecto_shamir:shamir/vecto/netherite_boots_iron_trim"
            },
            {
              "predicate": {
                "trim_type": 0.3
              },
              "model": "gm4_vecto_shamir:shamir/vecto/netherite_boots_netherite_darker_trim"
            },
            {
              "predicate": {
                "trim_type": 0.4
              },
              "model": "gm4_vecto_shamir:shamir/vecto/netherite_boots_redstone_trim"
            },
            {
              "predicate": {
                "trim_type": 0.5
              },
              "model": "gm4_vecto_shamir:shamir/vecto/netherite_boots_copper_trim"
            },
            {
              "predicate": {
                "trim_type": 0.6
              },
              "model": "gm4_vecto_shamir:shamir/vecto/netherite_boots_gold_trim"
            },
            {
              "predicate": {
                "trim_type": 0.7
              },
              "model": "gm4_vecto_shamir:shamir/vecto/netherite_boots_emerald_trim"
            },
            {
              "predicate": {
                "trim_type": 0.8
              },
              "model": "gm4_vecto_shamir:shamir/vecto/netherite_boots_diamond_trim"
            },
            {
              "predicate": {
                "trim_type": 0.9
              },
              "model": "gm4_vecto_shamir:shamir/vecto/netherite_boots_lapis_trim"
            },
            {
              "predicate": {
                "trim_type": 1.0
              },
              "model": "gm4_vecto_shamir:shamir/vecto/netherite_boots_amethyst_trim"
            }
          ]
        }
      },
      {
        "threshold": 3420123,
        "model": {
          "type": "minecraft:model",
          "model": [
            {
              "model": "gm4_metallurgy:shamir/vibro/netherite_boots"
            },
            {
              "predicate": {
                "trim_type": 0.1
              },
              "model": "gm4_metallurgy:shamir/vibro/netherite_boots_quartz_trim"
            },
            {
              "predicate": {
                "trim_type": 0.2
              },
              "model": "gm4_metallurgy:shamir/vibro/netherite_boots_iron_trim"
            },
            {
              "predicate": {
                "trim_type": 0.3
              },
              "model": "gm4_metallurgy:shamir/vibro/netherite_boots_netherite_darker_trim"
            },
            {
              "predicate": {
                "trim_type": 0.4
              },
              "model": "gm4_metallurgy:shamir/vibro/netherite_boots_redstone_trim"
            },
            {
              "predicate": {
                "trim_type": 0.5
              },
              "model": "gm4_metallurgy:shamir/vibro/netherite_boots_copper_trim"
            },
            {
              "predicate": {
                "trim_type": 0.6
              },
              "model": "gm4_metallurgy:shamir/vibro/netherite_boots_gold_trim"
            },
            {
              "predicate": {
                "trim_type": 0.7
              },
              "model": "gm4_metallurgy:shamir/vibro/netherite_boots_emerald_trim"
            },
            {
              "predicate": {
                "trim_type": 0.8
              },
              "model": "gm4_metallurgy:shamir/vibro/netherite_boots_diamond_trim"
            },
            {
              "predicate": {
                "trim_type": 0.9
              },
              "model": "gm4_metallurgy:shamir/vibro/netherite_boots_lapis_trim"
            },
            {
              "predicate": {
                "trim_type": 1.0
              },
              "model": "gm4_metallurgy:shamir/vibro/netherite_boots_amethyst_trim"
            }
          ]
        }
      },
      {
        "threshold": 3420124,
        "model": {
          "type": "minecraft:model",
          "model": [
            {
              "model": "gm4_animi_shamir:shamir/animi/netherite_boots"
            },
            {
              "predicate": {
                "trim_type": 0.1
              },
              "model": "gm4_animi_shamir:shamir/animi/netherite_boots_quartz_trim"
            },
            {
              "predicate": {
                "trim_type": 0.2
              },
              "model": "gm4_animi_shamir:shamir/animi/netherite_boots_iron_trim"
            },
            {
              "predicate": {
                "trim_type": 0.3
              },
              "model": "gm4_animi_shamir:shamir/animi/netherite_boots_netherite_darker_trim"
            },
            {
              "predicate": {
                "trim_type": 0.4
              },
              "model": "gm4_animi_shamir:shamir/animi/netherite_boots_redstone_trim"
            },
            {
              "predicate": {
                "trim_type": 0.5
              },
              "model": "gm4_animi_shamir:shamir/animi/netherite_boots_copper_trim"
            },
            {
              "predicate": {
                "trim_type": 0.6
              },
              "model": "gm4_animi_shamir:shamir/animi/netherite_boots_gold_trim"
            },
            {
              "predicate": {
                "trim_type": 0.7
              },
              "model": "gm4_animi_shamir:shamir/animi/netherite_boots_emerald_trim"
            },
            {
              "predicate": {
                "trim_type": 0.8
              },
              "model": "gm4_animi_shamir:shamir/animi/netherite_boots_diamond_trim"
            },
            {
              "predicate": {
                "trim_type": 0.9
              },
              "model": "gm4_animi_shamir:shamir/animi/netherite_boots_lapis_trim"
            },
            {
              "predicate": {
                "trim_type": 1.0
              },
              "model": "gm4_animi_shamir:shamir/animi/netherite_boots_amethyst_trim"
            }
          ]
        }
      }
    ],
    "fallback": {
      "type": "minecraft:select",
      "cases": [
        {
          "model": {
            "type": "minecraft:model",
            "model": "minecraft:item/netherite_boots_quartz_trim"
          },
          "when": "minecraft:quartz"
        },
        {
          "model": {
            "type": "minecraft:model",
            "model": "minecraft:item/netherite_boots_iron_trim"
          },
          "when": "minecraft:iron"
        },
        {
          "model": {
            "type": "minecraft:model",
            "model": "minecraft:item/netherite_boots_netherite_trim"
          },
          "when": "minecraft:netherite"
        },
        {
          "model": {
            "type": "minecraft:model",
            "model": "minecraft:item/netherite_boots_redstone_trim"
          },
          "when": "minecraft:redstone"
        },
        {
          "model": {
            "type": "minecraft:model",
            "model": "minecraft:item/netherite_boots_copper_trim"
          },
          "when": "minecraft:copper"
        },
        {
          "model": {
            "type": "minecraft:model",
            "model": "minecraft:item/netherite_boots_gold_trim"
          },
          "when": "minecraft:gold"
        },
        {
          "model": {
            "type": "minecraft:model",
            "model": "minecraft:item/netherite_boots_emerald_trim"
          },
          "when": "minecraft:emerald"
        },
        {
          "model": {
            "type": "minecraft:model",
            "model": "minecraft:item/netherite_boots_diamond_trim"
          },
          "when": "minecraft:diamond"
        },
        {
          "model": {
            "type": "minecraft:model",
            "model": "minecraft:item/netherite_boots_lapis_trim"
          },
          "when": "minecraft:lapis"
        },
        {
          "model": {
            "type": "minecraft:model",
            "model": "minecraft:item/netherite_boots_amethyst_trim"
          },
          "when": "minecraft:amethyst"
        },
        {
          "model": {
            "type": "minecraft:model",
            "model": "minecraft:item/netherite_boots_resin_trim"
          },
          "when": "minecraft:resin"
        }
      ],
      "fallback": {
        "type": "minecraft:model",
        "model": "minecraft:item/netherite_boots"
      },
      "property": "minecraft:trim_material"
    }
  }
}
