{
  "model": {
    "type": "minecraft:range_dispatch",
    "property": "minecraft:custom_model_data",
    "entries": [
      {
        "threshold": 3420010,
        "model": {
          "type": "minecraft:model",
          "model": "gm4_end_fishing:item/tools/netherite_shovel_1"
        }
      },
      {
        "threshold": 3420011,
        "model": {
          "type": "minecraft:model",
          "model": "gm4_end_fishing:item/tools/netherite_shovel_2"
        }
      },
      {
        "threshold": 3420012,
        "model": {
          "type": "minecraft:model",
          "model": "gm4_end_fishing:item/tools/netherite_shovel_3"
        }
      },
      {
        "threshold": 3420013,
        "model": {
          "type": "minecraft:model",
          "model": "gm4_end_fishing:item/tools/netherite_shovel_4"
        }
      },
      {
        "threshold": 3420014,
        "model": {
          "type": "minecraft:model",
          "model": "gm4_end_fishing:item/tools/netherite_shovel_5"
        }
      },
      {
        "threshold": 3420015,
        "model": {
          "type": "minecraft:model",
          "model": "gm4_end_fishing:item/tools/netherite_shovel_6"
        }
      },
      {
        "threshold": 3420016,
        "model": {
          "type": "minecraft:model",
          "model": "gm4_end_fishing:item/tools/netherite_shovel_7"
        }
      },
      {
        "threshold": 3420017,
        "model": {
          "type": "minecraft:model",
          "model": "gm4_end_fishing:item/tools/netherite_shovel_8"
        }
      },
      {
        "threshold": 3420018,
        "model": {
          "type": "minecraft:model",
          "model": "gm4_end_fishing:item/tools/netherite_shovel_9"
        }
      },
      {
        "threshold": 3420019,
        "model": {
          "type": "minecraft:model",
          "model": "gm4_end_fishing:item/tools/netherite_shovel_10"
        }
      },
      {
        "threshold": 3420110,
        "model": {
          "type": "minecraft:model",
          "model": [
            {
              "model": "gm4_metallurgy:shamir/hypexperia/netherite_shovel"
            }
          ]
        }
      },
      {
        "threshold": 3420111,
        "model": {
          "type": "minecraft:model",
          "model": [
            {
              "model": "gm4_metallurgy:shamir/tinker/netherite_shovel"
            }
          ]
        }
      },
      {
        "threshold": 3420113,
        "model": {
          "type": "minecraft:model",
          "model": [
            {
              "model": "gm4_metallurgy:shamir/moneo/netherite_shovel"
            }
          ]
        }
      },
      {
        "threshold": 3420114,
        "model": {
          "type": "minecraft:model",
          "model": [
            {
              "model": "gm4_lumos_shamir:shamir/lumos/netherite_shovel"
            }
          ]
        }
      },
      {
        "threshold": 3420120,
        "model": {
          "type": "minecraft:model",
          "model": [
            {
              "model": "gm4_audere_shamir:shamir/audere/netherite_shovel"
            }
          ]
        }
      },
      {
        "threshold": 3420124,
        "model": {
          "type": "minecraft:model",
          "model": [
            {
              "model": "gm4_animi_shamir:shamir/animi/netherite_shovel"
            }
          ]
        }
      }
    ],
    "fallback": {
      "type": "minecraft:model",
      "model": "minecraft:item/netherite_shovel"
    }
  }
}
