{
  "model": {
    "type": "minecraft:range_dispatch",
    "property": "minecraft:custom_model_data",
    "entries": [
      {
        "threshold": 3420001,
        "model": {
          "type": "minecraft:model",
          "model": "gm4_forming_press:block/forming_press"
        }
      },
      {
        "threshold": 3420002,
        "model": {
          "type": "minecraft:model",
          "model": "gm4:gui/advancements/tunnel_bores"
        }
      },
      {
        "threshold": 3420003,
        "model": {
          "type": "minecraft:model",
          "model": "gm4:gui/advancements/block_compressors"
        }
      },
      {
        "threshold": 3420004,
        "model": {
          "type": "minecraft:model",
          "model": "gm4_block_compressors:guidebook_icon/block_compressors"
        }
      },
      {
        "threshold": 3420005,
        "model": {
          "type": "minecraft:model",
          "model": "gm4_tunnel_bores:guidebook_icon/tunnel_bores"
        }
      },
      {
        "threshold": 3420006,
        "model": {
          "type": "minecraft:model",
          "model": "gm4_forming_press:block/forming_press_side"
        }
      },
      {
        "threshold": 3420007,
        "model": {
          "type": "minecraft:model",
          "model": "gm4_forming_press:block/forming_press_down"
        }
      }
    ],
    "fallback": {
      "type": "minecraft:model",
      "model": "minecraft:block/piston_inventory"
    }
  }
}
