{
  "model": {
    "type": "minecraft:range_dispatch",
    "property": "minecraft:custom_model_data",
    "entries": [
      {
        "threshold": 3420001,
        "model": {
          "type": "minecraft:model",
          "model": "gm4_ender_hoppers:block/ender_hopper"
        }
      },
      {
        "threshold": 3420002,
        "model": {
          "type": "minecraft:model",
          "model": "gm4_enderman_support_class:guidebook_icon/enderman_support_class"
        }
      },
      {
        "threshold": 3420003,
        "model": {
          "type": "minecraft:model",
          "model": "gm4:gui/advancements/enderman_support_class"
        }
      },
      {
        "threshold": 3420004,
        "model": {
          "type": "minecraft:model",
          "model": "gm4:gui/advancements/heart_canisters_tier_1"
        }
      },
      {
        "threshold": 3420005,
        "model": {
          "type": "minecraft:model",
          "model": "gm4:gui/advancements/heart_canisters_tier_2"
        }
      },
      {
        "threshold": 3420006,
        "model": {
          "type": "minecraft:model",
          "model": "gm4:gui/advancements/heart_canisters_max"
        }
      },
      {
        "threshold": 3420007,
        "model": {
          "type": "minecraft:model",
          "model": "gm4_heart_canisters:item/heart_canister_tier_1"
        }
      },
      {
        "threshold": 3420008,
        "model": {
          "type": "minecraft:model",
          "model": "gm4_heart_canisters:item/heart_canister_tier_2"
        }
      },
      {
        "threshold": 3420009,
        "model": {
          "type": "minecraft:model",
          "model": "gm4_scuba_gear:item/scuba_helmet"
        }
      },
      {
        "threshold": 3420010,
        "model": {
          "type": "minecraft:model",
          "model": "gm4_heart_canisters:guidebook_icon/heart_canisters"
        }
      },
      {
        "threshold": 3420012,
        "model": {
          "type": "minecraft:model",
          "model": "gm4_zauber_cauldrons:item/crystal/speed"
        }
      },
      {
        "threshold": 3420013,
        "model": {
          "type": "minecraft:model",
          "model": "gm4_zauber_cauldrons:item/crystal/regeneration"
        }
      },
      {
        "threshold": 3420014,
        "model": {
          "type": "minecraft:model",
          "model": "gm4_end_fishing:item/enderpuff"
        }
      },
      {
        "threshold": 3420015,
        "model": {
          "type": "minecraft:model",
          "model": "gm4:gui/advancements/tinkering_compressors"
        }
      },
      {
        "threshold": 3420017,
        "model": {
          "type": "minecraft:model",
          "model": "gm4_metallurgy:item/lump/bismutite"
        }
      },
      {
        "threshold": 3420019,
        "model": {
          "type": "minecraft:model",
          "model": "gm4_metallurgy:item/lump/baryte"
        }
      },
      {
        "threshold": 3420020,
        "model": {
          "type": "minecraft:model",
          "model": "gm4_metallurgy:item/lump/thorianite"
        }
      },
      {
        "threshold": 3420021,
        "model": {
          "type": "minecraft:model",
          "model": "gm4_metallurgy:item/lump/bauxite"
        }
      },
      {
        "threshold": 3420022,
        "model": {
          "type": "minecraft:model",
          "model": "gm4_metallurgy:item/mundane_band"
        }
      },
      {
        "threshold": 3420023,
        "model": {
          "type": "minecraft:model",
          "model": "gm4_metallurgy:block/mould/cool_empty"
        }
      },
      {
        "threshold": 3420024,
        "model": {
          "type": "minecraft:model",
          "model": "gm4_metallurgy:block/mould/hot_empty"
        }
      },
      {
        "threshold": 3420025,
        "model": {
          "type": "minecraft:model",
          "model": "gm4_metallurgy:block/mould/cool_metal"
        }
      },
      {
        "threshold": 3420026,
        "model": {
          "type": "minecraft:model",
          "model": "gm4_metallurgy:block/mould/hot_metal"
        }
      },
      {
        "threshold": 3420027,
        "model": {
          "type": "minecraft:model",
          "model": "gm4_relocators:item/relocator_empty"
        }
      },
      {
        "threshold": 3420028,
        "model": {
          "type": "minecraft:model",
          "model": "gm4_ender_hoppers:block/ender_hopper_side"
        }
      },
      {
        "threshold": 3420029,
        "model": {
          "type": "minecraft:model",
          "model": "gm4_ender_hoppers:block/ender_hopper_minecart"
        }
      },
      {
        "threshold": 3420048,
        "model": {
          "type": "minecraft:model",
          "model": "gm4:gui/advancements/scuba_gear"
        }
      },
      {
        "threshold": 3420049,
        "model": {
          "type": "minecraft:model",
          "model": "gm4:gui/advancements/metallurgy_blast_ore"
        }
      },
      {
        "threshold": 3420050,
        "model": {
          "type": "minecraft:model",
          "model": "gm4:gui/advancements/metallurgy_cast"
        }
      },
      {
        "threshold": 3420051,
        "model": {
          "type": "minecraft:model",
          "model": "gm4:gui/advancements/relocators"
        }
      },
      {
        "threshold": 3420054,
        "model": {
          "type": "minecraft:model",
          "model": "gm4_zauber_cauldrons:item/crystal/instant_damage"
        }
      },
      {
        "threshold": 3420055,
        "model": {
          "type": "minecraft:model",
          "model": "gm4_zauber_cauldrons:item/crystal/instant_health"
        }
      },
      {
        "threshold": 3420056,
        "model": {
          "type": "minecraft:model",
          "model": "gm4_zauber_cauldrons:item/crystal/jump_boost"
        }
      },
      {
        "threshold": 3420057,
        "model": {
          "type": "minecraft:model",
          "model": "gm4_zauber_cauldrons:item/crystal/poison"
        }
      },
      {
        "threshold": 3420058,
        "model": {
          "type": "minecraft:model",
          "model": "gm4_zauber_cauldrons:item/crystal/strength"
        }
      },
      {
        "threshold": 3420061,
        "model": {
          "type": "minecraft:model",
          "model": "gm4_relocators:item/relocator_full"
        }
      },
      {
        "threshold": 3420100,
        "model": {
          "type": "minecraft:model",
          "model": "gm4_metallurgy:shamir/infinitas/band"
        }
      },
      {
        "threshold": 3420101,
        "model": {
          "type": "minecraft:model",
          "model": "gm4_metallurgy:shamir/sensus/band"
        }
      },
      {
        "threshold": 3420103,
        "model": {
          "type": "minecraft:model",
          "model": "gm4_weighted_armour:shamir/helious/band"
        }
      },
      {
        "threshold": 3420105,
        "model": {
          "type": "minecraft:model",
          "model": "gm4_metallurgy:shamir/ender_bolt/band"
        }
      },
      {
        "threshold": 3420106,
        "model": {
          "type": "minecraft:model",
          "model": "gm4_metallurgy:shamir/defuse/band"
        }
      },
      {
        "threshold": 3420107,
        "model": {
          "type": "minecraft:model",
          "model": "gm4_metallurgy:shamir/forterra/band"
        }
      },
      {
        "threshold": 3420108,
        "model": {
          "type": "minecraft:model",
          "model": "gm4_metallurgy:shamir/musical/band"
        }
      },
      {
        "threshold": 3420109,
        "model": {
          "type": "minecraft:model",
          "model": "gm4_metallurgy:shamir/gemini/band"
        }
      },
      {
        "threshold": 3420110,
        "model": {
          "type": "minecraft:model",
          "model": "gm4_metallurgy:shamir/hypexperia/band"
        }
      },
      {
        "threshold": 3420111,
        "model": {
          "type": "minecraft:model",
          "model": "gm4_metallurgy:shamir/tinker/band"
        }
      },
      {
        "threshold": 3420112,
        "model": {
          "type": "minecraft:model",
          "model": "gm4_metallurgy:shamir/arborenda/band"
        }
      },
      {
        "threshold": 3420113,
        "model": {
          "type": "minecraft:model",
          "model": "gm4_metallurgy:shamir/moneo/band"
        }
      },
      {
        "threshold": 3420114,
        "model": {
          "type": "minecraft:model",
          "model": "gm4_lumos_shamir:shamir/lumos/band"
        }
      },
      {
        "threshold": 3420115,
        "model": {
          "type": "minecraft:model",
          "model": "gm4_fulcio_shamir:shamir/fulcio/band"
        }
      },
      {
        "threshold": 3420116,
        "model": {
          "type": "minecraft:model",
          "model": "gm4_orb_of_ankou:shamir/corripio/band"
        }
      },
      {
        "threshold": 3420117,
        "model": {
          "type": "minecraft:model",
          "model": "gm4_percurro_shamir:shamir/percurro/band"
        }
      },
      {
        "threshold": 3420118,
        "model": {
          "type": "minecraft:model",
          "model": "gm4_desire_lines:shamir/celaro/band"
        }
      },
      {
        "threshold": 3420119,
        "model": {
          "type": "minecraft:model",
          "model": "gm4_vigere_shamir:shamir/vigere/band"
        }
      },
      {
        "threshold": 3420120,
        "model": {
          "type": "minecraft:model",
          "model": "gm4_audere_shamir:shamir/audere/band"
        }
      },
      {
        "threshold": 3420121,
        "model": {
          "type": "minecraft:model",
          "model": "gm4_vecto_shamir:shamir/vecto/band"
        }
      },
      {
        "threshold": 3420122,
        "model": {
          "type": "minecraft:model",
          "model": "gm4_iacio_shamir:shamir/iacio/band"
        }
      },
      {
        "threshold": 3420123,
        "model": {
          "type": "minecraft:model",
          "model": "gm4_metallurgy:shamir/vibro/band"
        }
      },
      {
        "threshold": 3420124,
        "model": {
          "type": "minecraft:model",
          "model": "gm4_animi_shamir:shamir/animi/band"
        }
      },
      {
        "threshold": 3420128,
        "model": {
          "type": "minecraft:model",
          "model": "gm4_custom_crafters:block/custom_crafter"
        }
      },
      {
        "threshold": 3420129,
        "model": {
          "type": "minecraft:model",
          "model": "gm4_forming_press:block/forming_press"
        }
      },
      {
        "threshold": 3420130,
        "model": {
          "type": "minecraft:model",
          "model": "gm4_block_compressors:block/block_compressor_full"
        }
      },
      {
        "threshold": 3420131,
        "model": {
          "type": "minecraft:model",
          "model": "gm4_ender_hoppers:item/ender_hopper_full"
        }
      },
      {
        "threshold": 3420132,
        "model": {
          "type": "minecraft:model",
          "model": "gm4_liquid_tanks:item/liquid_tank_full"
        }
      },
      {
        "threshold": 3420133,
        "model": {
          "type": "minecraft:model",
          "model": "gm4_smelteries:block/smeltery_unlit"
        }
      },
      {
        "threshold": 3420134,
        "model": {
          "type": "minecraft:model",
          "model": "gm4_enchantment_extractors:block/enchantment_extractor"
        }
      },
      {
        "threshold": 3420135,
        "model": {
          "type": "minecraft:model",
          "model": "gm4_disassemblers:block/disassembler"
        }
      },
      {
        "threshold": 3420136,
        "model": {
          "type": "minecraft:model",
          "model": "gm4_tinkering_compressors:block/tinkering_compressor_full"
        }
      },
      {
        "threshold": 3420138,
        "model": {
          "type": "minecraft:model",
          "model": "gm4_teleportation_anchors:block/teleportation_jammer"
        }
      },
      {
        "threshold": 3420139,
        "model": {
          "type": "minecraft:model",
          "model": "gm4_teleportation_anchors:block/teleportation_anchor"
        }
      },
      {
        "threshold": 3420140,
        "model": {
          "type": "minecraft:model",
          "model": "gm4_auto_crafting:block/auto_crafter"
        }
      }
    ],
    "fallback": {
      "type": "minecraft:special",
      "base": "minecraft:item/template_skull",
      "model": {
        "type": "minecraft:head",
        "kind": "player"
      }
    }
  }
}
