{
  "model": {
    "type": "minecraft:range_dispatch",
    "property": "minecraft:custom_model_data",
    "entries": [
      {
        "threshold": 3420001,
        "model": {
          "type": "minecraft:model",
          "model": "gm4_zauber_cauldrons:item/wormhole_in_a_bottle"
        }
      },
      {
        "threshold": 3420002,
        "model": {
          "type": "minecraft:model",
          "model": "gm4:gui/advancements/potion_liquids"
        }
      },
      {
        "threshold": 3420003,
        "model": {
          "type": "minecraft:model",
          "model": "gm4:gui/advancements/lightning_in_a_bottle_drink"
        }
      },
      {
        "threshold": 3420004,
        "model": {
          "type": "minecraft:model",
          "model": "gm4_lightning_in_a_bottle:item/lightning_in_a_bottle"
        }
      },
      {
        "threshold": 3420005,
        "model": {
          "type": "minecraft:model",
          "model": "gm4:gui/advancements/mob_curing"
        }
      },
      {
        "threshold": 3420006,
        "model": {
          "type": "minecraft:model",
          "model": "gm4_potion_liquids:guidebook_icon/potion_liquids"
        }
      },
      {
        "threshold": 3420007,
        "model": {
          "type": "minecraft:model",
          "model": "gm4_standard_liquids:item/ink_bottle"
        }
      },
      {
        "threshold": 3420008,
        "model": {
          "type": "minecraft:model",
          "model": "gm4_standard_liquids:item/glow_ink_bottle"
        }
      },
      {
        "threshold": 3420009,
        "model": {
          "type": "minecraft:model",
          "model": "gm4_zauber_liquids:guidebook_icon/zauber_liquids"
        }
      },
      {
        "threshold": 3420300,
        "model": {
          "type": "minecraft:model",
          "model": "gm4_zauber_cauldrons:item/bottled_magicol/polar_potion"
        }
      },
      {
        "threshold": 3420301,
        "model": {
          "type": "minecraft:model",
          "model": "gm4_zauber_cauldrons:item/bottled_magicol/temperate_potion"
        }
      },
      {
        "threshold": 3420302,
        "model": {
          "type": "minecraft:model",
          "model": "gm4_zauber_cauldrons:item/bottled_magicol/arid_potion"
        }
      },
      {
        "threshold": 3420303,
        "model": {
          "type": "minecraft:model",
          "model": "gm4_zauber_cauldrons:item/bottled_magicol_soulution/polar_potion"
        }
      },
      {
        "threshold": 3420304,
        "model": {
          "type": "minecraft:model",
          "model": "gm4_zauber_cauldrons:item/bottled_magicol_soulution/temperate_potion"
        }
      },
      {
        "threshold": 3420305,
        "model": {
          "type": "minecraft:model",
          "model": "gm4_zauber_cauldrons:item/bottled_magicol_soulution/arid_potion"
        }
      },
      {
        "threshold": 3420306,
        "model": {
          "type": "minecraft:model",
          "model": "gm4_zauber_cauldrons:item/soulution_potion/instant_damage_potion"
        }
      },
      {
        "threshold": 3420307,
        "model": {
          "type": "minecraft:model",
          "model": "gm4_zauber_cauldrons:item/soulution_potion/instant_health_potion"
        }
      },
      {
        "threshold": 3420308,
        "model": {
          "type": "minecraft:model",
          "model": "gm4_zauber_cauldrons:item/soulution_potion/jump_boost_potion"
        }
      },
      {
        "threshold": 3420309,
        "model": {
          "type": "minecraft:model",
          "model": "gm4_zauber_cauldrons:item/soulution_potion/poison_potion"
        }
      },
      {
        "threshold": 3420310,
        "model": {
          "type": "minecraft:model",
          "model": "gm4_zauber_cauldrons:item/soulution_potion/regeneration_potion"
        }
      },
      {
        "threshold": 3420311,
        "model": {
          "type": "minecraft:model",
          "model": "gm4_zauber_cauldrons:item/soulution_potion/speed_potion"
        }
      },
      {
        "threshold": 3420312,
        "model": {
          "type": "minecraft:model",
          "model": "gm4_zauber_cauldrons:item/soulution_potion/strength_potion"
        }
      },
      {
        "threshold": 3420313,
        "model": {
          "type": "minecraft:model",
          "model": "gm4:gui/advancements/zauber_cauldrons_drink_all_magicol"
        }
      }
    ],
    "fallback": {
      "type": "minecraft:model",
      "model": "minecraft:item/potion",
      "tints": [
        {
          "type": "minecraft:potion",
          "default": -13083194
        }
      ]
    }
  }
}
