{
  "model": {
    "type": "minecraft:range_dispatch",
    "property": "minecraft:custom_model_data",
    "entries": [
      {
        "threshold": 3420124,
        "model": {
          "type": "minecraft:model",
          "model": [
            {
              "model": "gm4_animi_shamir:shamir/animi/recovery_compass"
            },
            {
              "predicate": {
                "angle": 0.0
              },
              "model": "gm4_animi_shamir:shamir/animi/recovery_compass"
            },
            {
              "predicate": {
                "angle": 0.015625
              },
              "model": "gm4_animi_shamir:shamir/animi/recovery_compass_17"
            },
            {
              "predicate": {
                "angle": 0.046875
              },
              "model": "gm4_animi_shamir:shamir/animi/recovery_compass_18"
            },
            {
              "predicate": {
                "angle": 0.078125
              },
              "model": "gm4_animi_shamir:shamir/animi/recovery_compass_19"
            },
            {
              "predicate": {
                "angle": 0.109375
              },
              "model": "gm4_animi_shamir:shamir/animi/recovery_compass_20"
            },
            {
              "predicate": {
                "angle": 0.140625
              },
              "model": "gm4_animi_shamir:shamir/animi/recovery_compass_21"
            },
            {
              "predicate": {
                "angle": 0.171875
              },
              "model": "gm4_animi_shamir:shamir/animi/recovery_compass_22"
            },
            {
              "predicate": {
                "angle": 0.203125
              },
              "model": "gm4_animi_shamir:shamir/animi/recovery_compass_23"
            },
            {
              "predicate": {
                "angle": 0.234375
              },
              "model": "gm4_animi_shamir:shamir/animi/recovery_compass_24"
            },
            {
              "predicate": {
                "angle": 0.265625
              },
              "model": "gm4_animi_shamir:shamir/animi/recovery_compass_25"
            },
            {
              "predicate": {
                "angle": 0.296875
              },
              "model": "gm4_animi_shamir:shamir/animi/recovery_compass_26"
            },
            {
              "predicate": {
                "angle": 0.328125
              },
              "model": "gm4_animi_shamir:shamir/animi/recovery_compass_27"
            },
            {
              "predicate": {
                "angle": 0.359375
              },
              "model": "gm4_animi_shamir:shamir/animi/recovery_compass_28"
            },
            {
              "predicate": {
                "angle": 0.390625
              },
              "model": "gm4_animi_shamir:shamir/animi/recovery_compass_29"
            },
            {
              "predicate": {
                "angle": 0.421875
              },
              "model": "gm4_animi_shamir:shamir/animi/recovery_compass_30"
            },
            {
              "predicate": {
                "angle": 0.453125
              },
              "model": "gm4_animi_shamir:shamir/animi/recovery_compass_31"
            },
            {
              "predicate": {
                "angle": 0.484375
              },
              "model": "gm4_animi_shamir:shamir/animi/recovery_compass_00"
            },
            {
              "predicate": {
                "angle": 0.515625
              },
              "model": "gm4_animi_shamir:shamir/animi/recovery_compass_01"
            },
            {
              "predicate": {
                "angle": 0.546875
              },
              "model": "gm4_animi_shamir:shamir/animi/recovery_compass_02"
            },
            {
              "predicate": {
                "angle": 0.578125
              },
              "model": "gm4_animi_shamir:shamir/animi/recovery_compass_03"
            },
            {
              "predicate": {
                "angle": 0.609375
              },
              "model": "gm4_animi_shamir:shamir/animi/recovery_compass_04"
            },
            {
              "predicate": {
                "angle": 0.640625
              },
              "model": "gm4_animi_shamir:shamir/animi/recovery_compass_05"
            },
            {
              "predicate": {
                "angle": 0.671875
              },
              "model": "gm4_animi_shamir:shamir/animi/recovery_compass_06"
            },
            {
              "predicate": {
                "angle": 0.703125
              },
              "model": "gm4_animi_shamir:shamir/animi/recovery_compass_07"
            },
            {
              "predicate": {
                "angle": 0.734375
              },
              "model": "gm4_animi_shamir:shamir/animi/recovery_compass_08"
            },
            {
              "predicate": {
                "angle": 0.765625
              },
              "model": "gm4_animi_shamir:shamir/animi/recovery_compass_09"
            },
            {
              "predicate": {
                "angle": 0.796875
              },
              "model": "gm4_animi_shamir:shamir/animi/recovery_compass_10"
            },
            {
              "predicate": {
                "angle": 0.828125
              },
              "model": "gm4_animi_shamir:shamir/animi/recovery_compass_11"
            },
            {
              "predicate": {
                "angle": 0.859375
              },
              "model": "gm4_animi_shamir:shamir/animi/recovery_compass_12"
            },
            {
              "predicate": {
                "angle": 0.890625
              },
              "model": "gm4_animi_shamir:shamir/animi/recovery_compass_13"
            },
            {
              "predicate": {
                "angle": 0.921875
              },
              "model": "gm4_animi_shamir:shamir/animi/recovery_compass_14"
            },
            {
              "predicate": {
                "angle": 0.953125
              },
              "model": "gm4_animi_shamir:shamir/animi/recovery_compass_15"
            },
            {
              "predicate": {
                "angle": 0.984375
              },
              "model": "gm4_animi_shamir:shamir/animi/recovery_compass"
            }
          ]
        }
      }
    ],
    "fallback": {
      "type": "minecraft:range_dispatch",
      "entries": [
        {
          "model": {
            "type": "minecraft:model",
            "model": "minecraft:item/recovery_compass_16"
          },
          "threshold": 0.0
        },
        {
          "model": {
            "type": "minecraft:model",
            "model": "minecraft:item/recovery_compass_17"
          },
          "threshold": 0.5
        },
        {
          "model": {
            "type": "minecraft:model",
            "model": "minecraft:item/recovery_compass_18"
          },
          "threshold": 1.5
        },
        {
          "model": {
            "type": "minecraft:model",
            "model": "minecraft:item/recovery_compass_19"
          },
          "threshold": 2.5
        },
        {
          "model": {
            "type": "minecraft:model",
            "model": "minecraft:item/recovery_compass_20"
          },
          "threshold": 3.5
        },
        {
          "model": {
            "type": "minecraft:model",
            "model": "minecraft:item/recovery_compass_21"
          },
          "threshold": 4.5
        },
        {
          "model": {
            "type": "minecraft:model",
            "model": "minecraft:item/recovery_compass_22"
          },
          "threshold": 5.5
        },
        {
          "model": {
            "type": "minecraft:model",
            "model": "minecraft:item/recovery_compass_23"
          },
          "threshold": 6.5
        },
        {
          "model": {
            "type": "minecraft:model",
            "model": "minecraft:item/recovery_compass_24"
          },
          "threshold": 7.5
        },
        {
          "model": {
            "type": "minecraft:model",
            "model": "minecraft:item/recovery_compass_25"
          },
          "threshold": 8.5
        },
        {
          "model": {
            "type": "minecraft:model",
            "model": "minecraft:item/recovery_compass_26"
          },
          "threshold": 9.5
        },
        {
          "model": {
            "type": "minecraft:model",
            "model": "minecraft:item/recovery_compass_27"
          },
          "threshold": 10.5
        },
        {
          "model": {
            "type": "minecraft:model",
            "model": "minecraft:item/recovery_compass_28"
          },
          "threshold": 11.5
        },
        {
          "model": {
            "type": "minecraft:model",
            "model": "minecraft:item/recovery_compass_29"
          },
          "threshold": 12.5
        },
        {
          "model": {
            "type": "minecraft:model",
            "model": "minecraft:item/recovery_compass_30"
          },
          "threshold": 13.5
        },
        {
          "model": {
            "type": "minecraft:model",
            "model": "minecraft:item/recovery_compass_31"
          },
          "threshold": 14.5
        },
        {
          "model": {
            "type": "minecraft:model",
            "model": "minecraft:item/recovery_compass_00"
          },
          "threshold": 15.5
        },
        {
          "model": {
            "type": "minecraft:model",
            "model": "minecraft:item/recovery_compass_01"
          },
          "threshold": 16.5
        },
        {
          "model": {
            "type": "minecraft:model",
            "model": "minecraft:item/recovery_compass_02"
          },
          "threshold": 17.5
        },
        {
          "model": {
            "type": "minecraft:model",
            "model": "minecraft:item/recovery_compass_03"
          },
          "threshold": 18.5
        },
        {
          "model": {
            "type": "minecraft:model",
            "model": "minecraft:item/recovery_compass_04"
          },
          "threshold": 19.5
        },
        {
          "model": {
            "type": "minecraft:model",
            "model": "minecraft:item/recovery_compass_05"
          },
          "threshold": 20.5
        },
        {
          "model": {
            "type": "minecraft:model",
            "model": "minecraft:item/recovery_compass_06"
          },
          "threshold": 21.5
        },
        {
          "model": {
            "type": "minecraft:model",
            "model": "minecraft:item/recovery_compass_07"
          },
          "threshold": 22.5
        },
        {
          "model": {
            "type": "minecraft:model",
            "model": "minecraft:item/recovery_compass_08"
          },
          "threshold": 23.5
        },
        {
          "model": {
            "type": "minecraft:model",
            "model": "minecraft:item/recovery_compass_09"
          },
          "threshold": 24.5
        },
        {
          "model": {
            "type": "minecraft:model",
            "model": "minecraft:item/recovery_compass_10"
          },
          "threshold": 25.5
        },
        {
          "model": {
            "type": "minecraft:model",
            "model": "minecraft:item/recovery_compass_11"
          },
          "threshold": 26.5
        },
        {
          "model": {
            "type": "minecraft:model",
            "model": "minecraft:item/recovery_compass_12"
          },
          "threshold": 27.5
        },
        {
          "model": {
            "type": "minecraft:model",
            "model": "minecraft:item/recovery_compass_13"
          },
          "threshold": 28.5
        },
        {
          "model": {
            "type": "minecraft:model",
            "model": "minecraft:item/recovery_compass_14"
          },
          "threshold": 29.5
        },
        {
          "model": {
            "type": "minecraft:model",
            "model": "minecraft:item/recovery_compass_15"
          },
          "threshold": 30.5
        },
        {
          "model": {
            "type": "minecraft:model",
            "model": "minecraft:item/recovery_compass_16"
          },
          "threshold": 31.5
        }
      ],
      "property": "minecraft:compass",
      "scale": 32.0,
      "target": "recovery"
    }
  }
}
