{
  "model": {
    "type": "minecraft:range_dispatch",
    "property": "minecraft:custom_model_data",
    "entries": [
      {
        "threshold": 3420119,
        "model": {
          "type": "minecraft:model",
          "model": [
            {
              "model": "gm4_vigere_shamir:shamir/vigere/shield"
            },
            {
              "predicate": {
                "blocking": 1
              },
              "model": "gm4_vigere_shamir:shamir/vigere/shield_blocking"
            }
          ]
        }
      },
      {
        "threshold": 3420124,
        "model": {
          "type": "minecraft:model",
          "model": [
            {
              "model": "gm4_animi_shamir:shamir/animi/shield"
            },
            {
              "predicate": {
                "blocking": 1
              },
              "model": "gm4_animi_shamir:shamir/animi/shield_blocking"
            }
          ]
        }
      }
    ],
    "fallback": {
      "type": "minecraft:condition",
      "on_false": {
        "type": "minecraft:special",
        "base": "minecraft:item/shield",
        "model": {
          "type": "minecraft:shield"
        }
      },
      "on_true": {
        "type": "minecraft:special",
        "base": "minecraft:item/shield_blocking",
        "model": {
          "type": "minecraft:shield"
        }
      },
      "property": "minecraft:using_item"
    }
  }
}
