{
  "model": {
    "type": "minecraft:range_dispatch",
    "property": "minecraft:custom_model_data",
    "entries": [
      {
        "threshold": 3420001,
        "model": {
          "type": "minecraft:model",
          "model": "gm4_relocators:guidebook_icon/relocators"
        }
      }
    ],
    "fallback": {
      "type": "minecraft:special",
      "base": "minecraft:item/shulker_box",
      "model": {
        "type": "minecraft:shulker_box",
        "texture": "minecraft:shulker"
      }
    }
  }
}
