{
  "model": {
    "type": "minecraft:range_dispatch",
    "property": "minecraft:custom_model_data",
    "entries": [
      {
        "threshold": 3420001,
        "model": {
          "type": "minecraft:model",
          "model": "gm4:gui/advancements/display_frames"
        }
      },
      {
        "threshold": 3420002,
        "model": {
          "type": "minecraft:model",
          "model": "gm4_display_frames:guidebook_icon/display_frames"
        }
      },
      {
        "threshold": 3420004,
        "model": {
          "type": "minecraft:model",
          "model": "gm4_lightning_in_a_bottle:item/splash_lightning_in_a_bottle"
        }
      },
      {
        "threshold": 3420300,
        "model": {
          "type": "minecraft:model",
          "model": "gm4_zauber_cauldrons:item/bottled_magicol/polar_splash_potion"
        }
      },
      {
        "threshold": 3420301,
        "model": {
          "type": "minecraft:model",
          "model": "gm4_zauber_cauldrons:item/bottled_magicol/temperate_splash_potion"
        }
      },
      {
        "threshold": 3420302,
        "model": {
          "type": "minecraft:model",
          "model": "gm4_zauber_cauldrons:item/bottled_magicol/arid_splash_potion"
        }
      },
      {
        "threshold": 3420303,
        "model": {
          "type": "minecraft:model",
          "model": "gm4_zauber_cauldrons:item/bottled_magicol_soulution/polar_splash_potion"
        }
      },
      {
        "threshold": 3420304,
        "model": {
          "type": "minecraft:model",
          "model": "gm4_zauber_cauldrons:item/bottled_magicol_soulution/temperate_splash_potion"
        }
      },
      {
        "threshold": 3420305,
        "model": {
          "type": "minecraft:model",
          "model": "gm4_zauber_cauldrons:item/bottled_magicol_soulution/arid_splash_potion"
        }
      },
      {
        "threshold": 3420306,
        "model": {
          "type": "minecraft:model",
          "model": "gm4_zauber_cauldrons:item/soulution_potion/instant_damage_splash_potion"
        }
      },
      {
        "threshold": 3420307,
        "model": {
          "type": "minecraft:model",
          "model": "gm4_zauber_cauldrons:item/soulution_potion/instant_health_splash_potion"
        }
      },
      {
        "threshold": 3420308,
        "model": {
          "type": "minecraft:model",
          "model": "gm4_zauber_cauldrons:item/soulution_potion/jump_boost_splash_potion"
        }
      },
      {
        "threshold": 3420309,
        "model": {
          "type": "minecraft:model",
          "model": "gm4_zauber_cauldrons:item/soulution_potion/poison_splash_potion"
        }
      },
      {
        "threshold": 3420310,
        "model": {
          "type": "minecraft:model",
          "model": "gm4_zauber_cauldrons:item/soulution_potion/regeneration_splash_potion"
        }
      },
      {
        "threshold": 3420311,
        "model": {
          "type": "minecraft:model",
          "model": "gm4_zauber_cauldrons:item/soulution_potion/speed_splash_potion"
        }
      },
      {
        "threshold": 3420312,
        "model": {
          "type": "minecraft:model",
          "model": "gm4_zauber_cauldrons:item/soulution_potion/strength_splash_potion"
        }
      }
    ],
    "fallback": {
      "type": "minecraft:model",
      "model": "minecraft:item/splash_potion",
      "tints": [
        {
          "type": "minecraft:potion",
          "default": -13083194
        }
      ]
    }
  }
}
