{
  "model": {
    "type": "minecraft:range_dispatch",
    "property": "minecraft:custom_model_data",
    "entries": [
      {
        "threshold": 3420124,
        "model": {
          "type": "minecraft:model",
          "model": [
            {
              "model": "gm4_animi_shamir:shamir/animi/spyglass"
            }
          ]
        }
      }
    ],
    "fallback": {
      "type": "minecraft:select",
      "cases": [
        {
          "model": {
            "type": "minecraft:model",
            "model": "minecraft:item/spyglass"
          },
          "when": [
            "gui",
            "ground",
            "fixed"
          ]
        }
      ],
      "fallback": {
        "type": "minecraft:model",
        "model": "minecraft:item/spyglass_in_hand"
      },
      "property": "minecraft:display_context"
    }
  }
}
