{
  "model": {
    "type": "minecraft:range_dispatch",
    "property": "minecraft:custom_model_data",
    "entries": [
      {
        "threshold": 3420109,
        "model": {
          "type": "minecraft:model",
          "model": [
            {
              "model": "gm4_metallurgy:shamir/gemini/stone_hoe"
            }
          ]
        }
      },
      {
        "threshold": 3420111,
        "model": {
          "type": "minecraft:model",
          "model": [
            {
              "model": "gm4_metallurgy:shamir/tinker/stone_hoe"
            }
          ]
        }
      },
      {
        "threshold": 3420113,
        "model": {
          "type": "minecraft:model",
          "model": [
            {
              "model": "gm4_metallurgy:shamir/moneo/stone_hoe"
            }
          ]
        }
      },
      {
        "threshold": 3420120,
        "model": {
          "type": "minecraft:model",
          "model": [
            {
              "model": "gm4_audere_shamir:shamir/audere/stone_hoe"
            }
          ]
        }
      },
      {
        "threshold": 3420124,
        "model": {
          "type": "minecraft:model",
          "model": [
            {
              "model": "gm4_animi_shamir:shamir/animi/stone_hoe"
            }
          ]
        }
      }
    ],
    "fallback": {
      "type": "minecraft:model",
      "model": "minecraft:item/stone_hoe"
    }
  }
}
