{
  "model": {
    "type": "minecraft:range_dispatch",
    "property": "minecraft:custom_model_data",
    "entries": [
      {
        "threshold": 3420000,
        "model": {
          "type": "minecraft:model",
          "model": "gm4_tinkering_compressors:block/tinkering_compressor"
        }
      },
      {
        "threshold": 3420001,
        "model": {
          "type": "minecraft:model",
          "model": "gm4_block_compressors:block/block_compressor"
        }
      }
    ],
    "fallback": {
      "type": "minecraft:model",
      "model": "minecraft:block/stone"
    }
  }
}
