{
  "model": {
    "type": "minecraft:range_dispatch",
    "property": "minecraft:custom_model_data",
    "entries": [
      {
        "threshold": 3420001,
        "model": {
          "type": "minecraft:model",
          "model": "gm4_mysterious_midnights:guidebook_icon/tipped_skeletons"
        }
      }
    ],
    "fallback": {
      "type": "minecraft:model",
      "model": "minecraft:item/tipped_arrow",
      "tints": [
        {
          "type": "minecraft:potion",
          "default": -13083194
        }
      ]
    }
  }
}
