{
  "model": {
    "type": "minecraft:range_dispatch",
    "property": "minecraft:custom_model_data",
    "entries": [
      {
        "threshold": 3420001,
        "model": {
          "type": "minecraft:model",
          "model": "gm4_disassemblers:block/disassembler"
        }
      },
      {
        "threshold": 3420002,
        "model": {
          "type": "minecraft:model",
          "model": "gm4:gui/advancements/disassemblers"
        }
      },
      {
        "threshold": 3420003,
        "model": {
          "type": "minecraft:model",
          "model": "gm4_disassemblers:guidebook_icon/disassemblers"
        }
      },
      {
        "threshold": 3420005,
        "model": {
          "type": "minecraft:model",
          "model": "gm4_disassemblers:block/disassembler_side"
        }
      },
      {
        "threshold": 3420006,
        "model": {
          "type": "minecraft:model",
          "model": "gm4_disassemblers:block/disassembler_down"
        }
      }
    ],
    "fallback": {
      "type": "minecraft:model",
      "model": "minecraft:block/tnt"
    }
  }
}
