{
  "model": {
    "type": "minecraft:range_dispatch",
    "property": "minecraft:custom_model_data",
    "entries": [
      {
        "threshold": 3420105,
        "model": {
          "type": "minecraft:model",
          "model": [
            {
              "model": "gm4_metallurgy:shamir/ender_bolt/trident"
            }
          ]
        }
      },
      {
        "threshold": 3420108,
        "model": {
          "type": "minecraft:model",
          "model": [
            {
              "model": "gm4_metallurgy:shamir/musical/trident"
            }
          ]
        }
      },
      {
        "threshold": 3420117,
        "model": {
          "type": "minecraft:model",
          "model": [
            {
              "model": "gm4_percurro_shamir:shamir/percurro/trident"
            }
          ]
        }
      },
      {
        "threshold": 3420124,
        "model": {
          "type": "minecraft:model",
          "model": [
            {
              "model": "gm4_animi_shamir:shamir/animi/trident"
            }
          ]
        }
      }
    ],
    "fallback": {
      "type": "minecraft:select",
      "cases": [
        {
          "model": {
            "type": "minecraft:model",
            "model": "minecraft:item/trident"
          },
          "when": [
            "gui",
            "ground",
            "fixed"
          ]
        }
      ],
      "fallback": {
        "type": "minecraft:condition",
        "on_false": {
          "type": "minecraft:special",
          "base": "minecraft:item/trident_in_hand",
          "model": {
            "type": "minecraft:trident"
          }
        },
        "on_true": {
          "type": "minecraft:special",
          "base": "minecraft:item/trident_throwing",
          "model": {
            "type": "minecraft:trident"
          }
        },
        "property": "minecraft:using_item"
      },
      "property": "minecraft:display_context"
    }
  }
}
