{
  "model": {
    "type": "minecraft:range_dispatch",
    "property": "minecraft:custom_model_data",
    "entries": [
      {
        "threshold": 3420001,
        "model": {
          "type": "minecraft:model",
          "model": "gm4_tower_structures:item/pirate_turtle_helmet"
        }
      },
      {
        "threshold": 3420103,
        "model": {
          "type": "minecraft:model",
          "model": [
            {
              "model": "gm4_weighted_armour:shamir/helious/turtle_helmet"
            },
            {
              "predicate": {
                "trim_type": 0.1
              },
              "model": "gm4_weighted_armour:shamir/helious/turtle_helmet_quartz_trim"
            },
            {
              "predicate": {
                "trim_type": 0.2
              },
              "model": "gm4_weighted_armour:shamir/helious/turtle_helmet_iron_trim"
            },
            {
              "predicate": {
                "trim_type": 0.3
              },
              "model": "gm4_weighted_armour:shamir/helious/turtle_helmet_netherite_trim"
            },
            {
              "predicate": {
                "trim_type": 0.4
              },
              "model": "gm4_weighted_armour:shamir/helious/turtle_helmet_redstone_trim"
            },
            {
              "predicate": {
                "trim_type": 0.5
              },
              "model": "gm4_weighted_armour:shamir/helious/turtle_helmet_copper_trim"
            },
            {
              "predicate": {
                "trim_type": 0.6
              },
              "model": "gm4_weighted_armour:shamir/helious/turtle_helmet_gold_trim"
            },
            {
              "predicate": {
                "trim_type": 0.7
              },
              "model": "gm4_weighted_armour:shamir/helious/turtle_helmet_emerald_trim"
            },
            {
              "predicate": {
                "trim_type": 0.8
              },
              "model": "gm4_weighted_armour:shamir/helious/turtle_helmet_diamond_trim"
            },
            {
              "predicate": {
                "trim_type": 0.9
              },
              "model": "gm4_weighted_armour:shamir/helious/turtle_helmet_lapis_trim"
            },
            {
              "predicate": {
                "trim_type": 1.0
              },
              "model": "gm4_weighted_armour:shamir/helious/turtle_helmet_amethyst_trim"
            }
          ]
        }
      },
      {
        "threshold": 3420106,
        "model": {
          "type": "minecraft:model",
          "model": [
            {
              "model": "gm4_metallurgy:shamir/defuse/turtle_helmet"
            },
            {
              "predicate": {
                "trim_type": 0.1
              },
              "model": "gm4_metallurgy:shamir/defuse/turtle_helmet_quartz_trim"
            },
            {
              "predicate": {
                "trim_type": 0.2
              },
              "model": "gm4_metallurgy:shamir/defuse/turtle_helmet_iron_trim"
            },
            {
              "predicate": {
                "trim_type": 0.3
              },
              "model": "gm4_metallurgy:shamir/defuse/turtle_helmet_netherite_trim"
            },
            {
              "predicate": {
                "trim_type": 0.4
              },
              "model": "gm4_metallurgy:shamir/defuse/turtle_helmet_redstone_trim"
            },
            {
              "predicate": {
                "trim_type": 0.5
              },
              "model": "gm4_metallurgy:shamir/defuse/turtle_helmet_copper_trim"
            },
            {
              "predicate": {
                "trim_type": 0.6
              },
              "model": "gm4_metallurgy:shamir/defuse/turtle_helmet_gold_trim"
            },
            {
              "predicate": {
                "trim_type": 0.7
              },
              "model": "gm4_metallurgy:shamir/defuse/turtle_helmet_emerald_trim"
            },
            {
              "predicate": {
                "trim_type": 0.8
              },
              "model": "gm4_metallurgy:shamir/defuse/turtle_helmet_diamond_trim"
            },
            {
              "predicate": {
                "trim_type": 0.9
              },
              "model": "gm4_metallurgy:shamir/defuse/turtle_helmet_lapis_trim"
            },
            {
              "predicate": {
                "trim_type": 1.0
              },
              "model": "gm4_metallurgy:shamir/defuse/turtle_helmet_amethyst_trim"
            }
          ]
        }
      },
      {
        "threshold": 3420124,
        "model": {
          "type": "minecraft:model",
          "model": [
            {
              "model": "gm4_animi_shamir:shamir/animi/turtle_helmet"
            },
            {
              "predicate": {
                "trim_type": 0.1
              },
              "model": "gm4_animi_shamir:shamir/animi/turtle_helmet_quartz_trim"
            },
            {
              "predicate": {
                "trim_type": 0.2
              },
              "model": "gm4_animi_shamir:shamir/animi/turtle_helmet_iron_trim"
            },
            {
              "predicate": {
                "trim_type": 0.3
              },
              "model": "gm4_animi_shamir:shamir/animi/turtle_helmet_netherite_trim"
            },
            {
              "predicate": {
                "trim_type": 0.4
              },
              "model": "gm4_animi_shamir:shamir/animi/turtle_helmet_redstone_trim"
            },
            {
              "predicate": {
                "trim_type": 0.5
              },
              "model": "gm4_animi_shamir:shamir/animi/turtle_helmet_copper_trim"
            },
            {
              "predicate": {
                "trim_type": 0.6
              },
              "model": "gm4_animi_shamir:shamir/animi/turtle_helmet_gold_trim"
            },
            {
              "predicate": {
                "trim_type": 0.7
              },
              "model": "gm4_animi_shamir:shamir/animi/turtle_helmet_emerald_trim"
            },
            {
              "predicate": {
                "trim_type": 0.8
              },
              "model": "gm4_animi_shamir:shamir/animi/turtle_helmet_diamond_trim"
            },
            {
              "predicate": {
                "trim_type": 0.9
              },
              "model": "gm4_animi_shamir:shamir/animi/turtle_helmet_lapis_trim"
            },
            {
              "predicate": {
                "trim_type": 1.0
              },
              "model": "gm4_animi_shamir:shamir/animi/turtle_helmet_amethyst_trim"
            }
          ]
        }
      }
    ],
    "fallback": {
      "type": "minecraft:select",
      "cases": [
        {
          "model": {
            "type": "minecraft:model",
            "model": "minecraft:item/turtle_helmet_quartz_trim"
          },
          "when": "minecraft:quartz"
        },
        {
          "model": {
            "type": "minecraft:model",
            "model": "minecraft:item/turtle_helmet_iron_trim"
          },
          "when": "minecraft:iron"
        },
        {
          "model": {
            "type": "minecraft:model",
            "model": "minecraft:item/turtle_helmet_netherite_trim"
          },
          "when": "minecraft:netherite"
        },
        {
          "model": {
            "type": "minecraft:model",
            "model": "minecraft:item/turtle_helmet_redstone_trim"
          },
          "when": "minecraft:redstone"
        },
        {
          "model": {
            "type": "minecraft:model",
            "model": "minecraft:item/turtle_helmet_copper_trim"
          },
          "when": "minecraft:copper"
        },
        {
          "model": {
            "type": "minecraft:model",
            "model": "minecraft:item/turtle_helmet_gold_trim"
          },
          "when": "minecraft:gold"
        },
        {
          "model": {
            "type": "minecraft:model",
            "model": "minecraft:item/turtle_helmet_emerald_trim"
          },
          "when": "minecraft:emerald"
        },
        {
          "model": {
            "type": "minecraft:model",
            "model": "minecraft:item/turtle_helmet_diamond_trim"
          },
          "when": "minecraft:diamond"
        },
        {
          "model": {
            "type": "minecraft:model",
            "model": "minecraft:item/turtle_helmet_lapis_trim"
          },
          "when": "minecraft:lapis"
        },
        {
          "model": {
            "type": "minecraft:model",
            "model": "minecraft:item/turtle_helmet_amethyst_trim"
          },
          "when": "minecraft:amethyst"
        },
        {
          "model": {
            "type": "minecraft:model",
            "model": "minecraft:item/turtle_helmet_resin_trim"
          },
          "when": "minecraft:resin"
        }
      ],
      "fallback": {
        "type": "minecraft:model",
        "model": "minecraft:item/turtle_helmet"
      },
      "property": "minecraft:trim_material"
    }
  }
}
