{
  "model": {
    "type": "minecraft:range_dispatch",
    "property": "minecraft:custom_model_data",
    "entries": [
      {
        "threshold": 3420105,
        "model": {
          "type": "minecraft:model",
          "model": [
            {
              "model": "gm4_metallurgy:shamir/ender_bolt/wooden_sword"
            }
          ]
        }
      },
      {
        "threshold": 3420108,
        "model": {
          "type": "minecraft:model",
          "model": [
            {
              "model": "gm4_metallurgy:shamir/musical/wooden_sword"
            }
          ]
        }
      },
      {
        "threshold": 3420110,
        "model": {
          "type": "minecraft:model",
          "model": [
            {
              "model": "gm4_metallurgy:shamir/hypexperia/wooden_sword"
            }
          ]
        }
      },
      {
        "threshold": 3420111,
        "model": {
          "type": "minecraft:model",
          "model": [
            {
              "model": "gm4_metallurgy:shamir/tinker/wooden_sword"
            }
          ]
        }
      },
      {
        "threshold": 3420116,
        "model": {
          "type": "minecraft:model",
          "model": [
            {
              "model": "gm4_orb_of_ankou:shamir/corripio/wooden_sword"
            }
          ]
        }
      },
      {
        "threshold": 3420117,
        "model": {
          "type": "minecraft:model",
          "model": [
            {
              "model": "gm4_percurro_shamir:shamir/percurro/wooden_sword"
            }
          ]
        }
      },
      {
        "threshold": 3420124,
        "model": {
          "type": "minecraft:model",
          "model": [
            {
              "model": "gm4_animi_shamir:shamir/animi/wooden_sword"
            }
          ]
        }
      }
    ],
    "fallback": {
      "type": "minecraft:model",
      "model": "minecraft:item/wooden_sword"
    }
  }
}
