{
  "parent": "gm4_guidebook:root",
  "criteria": {
    "in_cave_air": {
      "trigger": "minecraft:location",
      "conditions": {
        "player": [
          {
            "condition": "minecraft:entity_properties",
            "entity": "this",
            "predicate": {
              "location": {
                "block": {
                  "blocks": [
                    "minecraft:cave_air"
                  ]
                }
              }
            }
          },
          {
            "condition": "minecraft:inverted",
            "term": {
              "condition": "minecraft:entity_properties",
              "entity": "this",
              "predicate": {
                "type_specific": {
                  "type": "player",
                  "gamemode": "spectator"
                }
              }
            }
          },
          {
            "condition": "minecraft:value_check",
            "value": {
              "type": "minecraft:score",
              "target": {
                "type": "minecraft:fixed",
                "name": "gm4_guidebook"
              },
              "score": "load.status"
            },
            "range": {
              "min": 1
            }
          },
          {
            "condition": "minecraft:value_check",
            "value": {
              "type": "minecraft:score",
              "target": {
                "type": "minecraft:fixed",
                "name": "gm4_cooler_caves"
              },
              "score": "load.status"
            },
            "range": {
              "min": 1
            }
          }
        ]
      }
    }
  },
  "requirements": [
    [
      "in_cave_air"
    ]
  ],
  "rewards": {
    "function": "gm4_guidebook:cooler_caves/rewards/cave_changes"
  }
}
